id,transaction_id,transaction_date,account_id,original_description,cleaned_description,merchant,amount,ai_category,ai_subcategory,category,subcategory,unique_fingerprint
1585,1585,2025-08-13,2,ZELLE TO BIJANI TATIANA ON 08/13 REF #RP0Z5KGZ5S BALANCE GASTOS DE VIAJE A ESPANA,ZELLE TO BIJANI TATIANA,ZELLE TO BIJANI TATIANA,-238.09,Uncategorized,,Travel & Entertainment,Travel & Entertainment,1eb545a814941bae112cfab0
1590,1590,2025-08-08,2,ZELLE TO QUERO CESAR ON 08/08 REF #RP0Z5254YQ,ZELLE TO QUERO CESAR,ZELLE TO QUERO CESAR,-150.0,Uncategorized,,Travel & Entertainment,Travel & Entertainment,f08fc5c85d9535d0df212d06
1604,1604,2025-07-31,2,INTEREST PAYMENT,INTEREST PAYMENT,INTEREST PAYMENT,0.12,Income,Financial Services,Income,Financial Services,b7256869ebf309dfc09eb41e
1606,1606,2025-07-25,2,INTERNATIONAL PURCHASE TRANSACTION FEE,INTERNATIONAL PURCHASE TRANSACTION FEE,INTERNATIONAL PURCHASE TRANSACTION FEE,-0.17,Uncategorized,,Financial Transactions,Card Payment,435a244e690617ce1b413ee0
1610,1610,2025-07-24,2,T-MOBILE PCS SVC 250723 1364496 MARIA FERNANDEZ,T-MOBILE,T-MOBILE,-200.29,Uncategorized,,Bills & Utilities,Andre Cell,9b7fda332d9d8e07cc9c9aac
1611,1611,2025-07-21,2,NON-WELLS FARGO ATM TRANSACTION FEE,NON-WELLS FARGO ATM TRANSACTION FEE,NON-WELLS FARGO ATM TRANSACTION FEE,-5.0,Uncategorized,,Financial Transactions,Card Payment,23c195a8678ea194f5731709
1614,1614,2025-07-17,2,NON-WELLS FARGO ATM TRANSACTION FEE,NON-WELLS FARGO ATM TRANSACTION FEE,NON-WELLS FARGO ATM TRANSACTION FEE,-5.0,Uncategorized,,Financial Transactions,Card Payment,9bddb80f84a949f23f91a853
1619,1619,2025-07-14,2,NON-WELLS FARGO ATM TRANSACTION FEE,NON-WELLS FARGO ATM TRANSACTION FEE,NON-WELLS FARGO ATM TRANSACTION FEE,-5.0,Uncategorized,,Financial Transactions,Card Payment,474886ab288cc10f1ee3e5a2
1622,1622,2025-07-11,2,NON-WELLS FARGO ATM TRANSACTION FEE,NON-WELLS FARGO ATM TRANSACTION FEE,NON-WELLS FARGO ATM TRANSACTION FEE,-5.0,Uncategorized,,Financial Transactions,Card Payment,da4e95317a50deb754580b44
1636,1636,2025-06-30,2,INTEREST PAYMENT,INTEREST PAYMENT,INTEREST PAYMENT,0.11,Income,Financial Services,Income,Financial Services,0c23cb026dcdc1e0bd1143f0
1638,1638,2025-06-30,2,ZELLE TO KUKENAM CAMP ON 06/28 REF #PP0YYWPSQD SUETER LORENZO CAMP,ZELLE TO KUKENAM CAMP,ZELLE TO KUKENAM CAMP,-35.0,Uncategorized,,Travel & Entertainment,Travel & Entertainment,66b483662b8af1129f436ed9
1641,1641,2025-06-27,2,ZELLE TO LEON ROCIO ON 06/27 REF #PP0YYQT38W PSICOLOGO AG,ZELLE TO LEON ROCIO,ZELLE TO LEON ROCIO,-200.0,Uncategorized,,Travel & Entertainment,Travel & Entertainment,97a4972d6213f3f21660a77e
1642,1642,2025-06-25,2,INTERNATIONAL PURCHASE TRANSACTION FEE,INTERNATIONAL PURCHASE TRANSACTION FEE,INTERNATIONAL PURCHASE TRANSACTION FEE,-0.17,Uncategorized,,Financial Transactions,Card Payment,6ba76f6ad77b6ec64def4f4c
1644,1644,2025-06-24,2,T-MOBILE PCS SVC 250623 9780942 MARIA FERNANDEZ,T-MOBILE,T-MOBILE,-192.6,Uncategorized,,Bills & Utilities,Andre Cell,4bce580388e57cb7240ecee7
1654,1654,2025-06-17,2,ZELLE TO PROFESSIONAL PELUQUERO LUGUS ON 06/17 REF #RP0YXSZTVN PELUQUERIA AF,ZELLE TO PROFESSIONAL PELUQUERO LUGUS,ZELLE TO PROFESSIONAL PELUQUERO LUGUS,-200.0,Uncategorized,,Travel & Entertainment,Travel & Entertainment,6cf91d6058dafc79d3cdd7e3
1659,1659,2025-06-13,2,ZELLE TO QUERO CESAR ON 06/13 REF #RP0YXFHL4P,ZELLE TO QUERO CESAR,ZELLE TO QUERO CESAR,-150.0,Uncategorized,,Travel & Entertainment,Travel & Entertainment,c18e5b7d946d34f972ee03c7
1664,1664,2025-06-11,2,ZELLE TO ROMERO YELITZA COSTURERA DORAL ON 06/11 REF #PP0YX79JJK ALTERACIONES ANDRE,ZELLE TO ROMERO YELITZA COSTURERA DORAL,ZELLE TO ROMERO YELITZA COSTURERA DORAL,-60.0,Uncategorized,,Travel & Entertainment,Travel & Entertainment,154022519256c231fe78e44f
1674,1674,2025-06-06,2,MOBILE DEPOSIT : REF NUMBER :306060536874,MOBILE DEPOSIT : REF NUMBER :306060536874,MOBILE DEPOSIT REF NUMBER,161.02,Income,Cash,Income,Cash,4d0f16891eaf9718b484151f
1682,1682,2025-05-30,2,INTEREST PAYMENT,INTEREST PAYMENT,INTEREST PAYMENT,0.12,Income,Financial Services,Income,Financial Services,777e377af5d76608da819041
1684,1684,2025-05-29,2,ZELLE TO BASKETBALL CHARLIE ON 05/29 REF #RP0YVSC4QV LORENZO BASKET,ZELLE TO BASKETBALL CHARLIE,ZELLE TO BASKETBALL CHARLIE,-25.0,Uncategorized,,Travel & Entertainment,Travel & Entertainment,4e2193852305c5b78bed80be
1686,1686,2025-05-27,2,T-MOBILE PCS SVC 250523 8455728 MARIA FERNANDEZ,T-MOBILE,T-MOBILE,-193.26,Uncategorized,,Bills & Utilities,Andre Cell,4b6ada876b7182f06a56b8ff
1687,1687,2025-05-27,2,INTERNATIONAL PURCHASE TRANSACTION FEE,INTERNATIONAL PURCHASE TRANSACTION FEE,INTERNATIONAL PURCHASE TRANSACTION FEE,-0.17,Uncategorized,,Financial Transactions,Card Payment,5f6ca503a2c8a7b419e7e1dd
1690,1690,2025-05-22,2,ZELLE TO BASKETBALL CHARLIE ON 05/22 REF #RP0YV4H33K BASKET LORENZO,ZELLE TO BASKETBALL CHARLIE,ZELLE TO BASKETBALL CHARLIE,-25.0,Uncategorized,,Travel & Entertainment,Travel & Entertainment,7deb061100e2a293586f508c
1696,1696,2025-05-15,2,NON-WELLS FARGO ATM TRANSACTION FEE,NON-WELLS FARGO ATM TRANSACTION FEE,NON-WELLS FARGO ATM TRANSACTION FEE,-3.0,Uncategorized,,Financial Transactions,Card Payment,bffaccea656568ab27d14a8d
1699,1699,2025-05-14,2,ZELLE TO BASKETBALL CHARLIE ON 05/14 REF #RP0YTD5X2P LORENZO BASKET,ZELLE TO BASKETBALL CHARLIE,ZELLE TO BASKETBALL CHARLIE,-25.0,Uncategorized,,Travel & Entertainment,Travel & Entertainment,e9c4f60b61e595fdf5b75eb2
1702,1702,2025-05-12,2,ZELLE TO QUERO CESAR ON 05/12 REF #RP0YT59T5J CESAR MANTENIMIENTO,ZELLE TO QUERO CESAR,ZELLE TO QUERO CESAR,-150.0,Uncategorized,,Travel & Entertainment,Travel & Entertainment,b0f5efba5f3a2bac676c6544
1705,1705,2025-05-07,2,ZELLE TO FACIALES YMACK ON 05/06 REF #RP0YSLPH9F FACIAL LORENZO FALENI,ZELLE TO FACIALES YMACK,ZELLE TO FACIALES YMACK,-100.0,Uncategorized,,Travel & Entertainment,Travel & Entertainment,7a98725ee9b8e45cbac5fd87
1715,1715,2025-04-30,2,INTEREST PAYMENT,INTEREST PAYMENT,INTEREST PAYMENT,0.1,Income,Financial Services,Income,Financial Services,0bccdc50336c8b07197ac3af
1718,1718,2025-04-25,2,INTERNATIONAL PURCHASE TRANSACTION FEE,INTERNATIONAL PURCHASE TRANSACTION FEE,INTERNATIONAL PURCHASE TRANSACTION FEE,-0.17,Uncategorized,,Financial Transactions,Card Payment,e75374d42746bb1dfa2df2b9
1720,1720,2025-04-24,2,T-MOBILE PCS SVC 250423 7010053 MARIA FERNANDEZ,T-MOBILE,T-MOBILE,-192.83,Uncategorized,,Bills & Utilities,Andre Cell,99e6a62565379a34fe213f98
1725,1725,2025-04-18,2,ZELLE TO SEBASTIAN CAMINERO ON 04/18 REF #RP0YQRC7PH,ZELLE TO SEBASTIAN CAMINERO,ZELLE TO SEBASTIAN CAMINERO,-100.0,Uncategorized,,Travel & Entertainment,Travel & Entertainment,eb512bebfe10b1d03ee74b92
1733,1733,2025-04-14,2,ONLINE TRANSFER REF #IB0RZXZZVQ FROM PERSONAL LINE OF CREDIT XXXXXX4311 ON 04/14/25,ONLINE TRANSFER REF #IB0RZXZZVQ FROM PERSONAL LINE OF CREDIT XXXXXX4311 ON 04/14/25,ONLINE TRANSFER REF IB0RZXZZVQ FROM,1000.0,Income,Loan,Income,Loan,64c4305619a061aee467b9dc
1743,1743,2025-03-31,2,INTEREST PAYMENT,INTEREST PAYMENT,INTEREST PAYMENT,0.1,Income,Financial Services,Income,Financial Services,1beecf4995aae9b1aad79143
1745,1745,2025-03-25,2,INTERNATIONAL PURCHASE TRANSACTION FEE,INTERNATIONAL PURCHASE TRANSACTION FEE,INTERNATIONAL PURCHASE TRANSACTION FEE,-0.16,Uncategorized,,Financial Transactions,Card Payment,e90f8373de5947ec1c1f96bf
1747,1747,2025-03-24,2,T-MOBILE PCS SVC 250323 5912907 MARIA FERNANDEZ,T-MOBILE,T-MOBILE,-201.26,Uncategorized,,Bills & Utilities,Andre Cell,0fac79b8fbec98810aa873ff
1753,1753,2025-03-20,2,CHECK # 1715,CHECK # 1715,CHECK,-40.0,Uncategorized,,Travel & Entertainment,Travel & Entertainment,6d19717a79e9466d3e4cb658
1756,1756,2025-03-19,2,ZELLE TO ROMERO YELITZA COSTURERA DORAL ON 03/19 REF #PP0YMRFMJD ARREGLOS JEANS MF,ZELLE TO ROMERO YELITZA COSTURERA DORAL,ZELLE TO ROMERO YELITZA COSTURERA DORAL,-60.0,Uncategorized,,Travel & Entertainment,Travel & Entertainment,decc856689594874b1916cf1
1762,1762,2025-03-13,2,ZELLE TO PROFESSIONAL PELUQUERO LUGUS ON 03/13 REF #RP0YM6WNXR PELUQUERIA AF,ZELLE TO PROFESSIONAL PELUQUERO LUGUS,ZELLE TO PROFESSIONAL PELUQUERO LUGUS,-100.0,Uncategorized,,Travel & Entertainment,Travel & Entertainment,f87d60a83171e3c456e29b83
1763,1763,2025-03-13,2,ZELLE TO GUSTAVO LUGUS PELUQUERO ON 03/13 REF #RP0YM6WJCW AF PELUQUERIA,ZELLE TO GUSTAVO LUGUS PELUQUERO,ZELLE TO GUSTAVO LUGUS PELUQUERO,-150.0,Uncategorized,,Travel & Entertainment,Travel & Entertainment,b96bac75ad3765d60cbf495c
1769,1769,2025-03-10,2,NON-WELLS FARGO ATM TRANSACTION FEE,NON-WELLS FARGO ATM TRANSACTION FEE,NON-WELLS FARGO ATM TRANSACTION FEE,-3.0,Uncategorized,,Financial Transactions,Card Payment,a248c895c0a5bd666b15fd7b
1773,1773,2025-03-05,2,ZELLE TO CARROZ LORENA ON 03/05 REF #RP0YLCKH6W GALA DDCUS,ZELLE TO CARROZ LORENA,ZELLE TO CARROZ LORENA,-200.0,Uncategorized,,Travel & Entertainment,Travel & Entertainment,cfa5258a3c66bf8517b03b4d
1782,1782,2025-02-28,2,INTEREST PAYMENT,INTEREST PAYMENT,INTEREST PAYMENT,0.08,Income,Financial Services,Income,Financial Services,6c174b48630c029906bff008
1785,1785,2025-02-25,2,INTERNATIONAL PURCHASE TRANSACTION FEE,INTERNATIONAL PURCHASE TRANSACTION FEE,INTERNATIONAL PURCHASE TRANSACTION FEE,-0.15,Uncategorized,,Financial Transactions,Card Payment,309ca1c08755daf1eb3b6be1
1787,1787,2025-02-24,2,T-MOBILE PCS SVC 250223 5350963 MARIA FERNANDEZ,T-MOBILE,T-MOBILE,-194.66,Uncategorized,,Bills & Utilities,Andre Cell,45c12895512dd6e2eab59d28
1792,1792,2025-02-18,2,NON-WELLS FARGO ATM TRANSACTION FEE,NON-WELLS FARGO ATM TRANSACTION FEE,NON-WELLS FARGO ATM TRANSACTION FEE,-5.0,Uncategorized,,Financial Transactions,Card Payment,8c3df5f5967858e3677c8286
1794,1794,2025-02-18,2,MOBILE DEPOSIT : REF NUMBER :310170317402,MOBILE DEPOSIT : REF NUMBER :310170317402,MOBILE DEPOSIT REF NUMBER,195.83,Income,Cash,Income,Cash,171f2b08634ef4fbd96d0735
1803,1803,2025-02-05,2,ZELLE TO BASKETBALL CHARLIE ON 02/05 REF #RP0YHNPXCD BASKET LORENZO,ZELLE TO BASKETBALL CHARLIE,ZELLE TO BASKETBALL CHARLIE,-25.0,Uncategorized,,Travel & Entertainment,Travel & Entertainment,b9d870378944f2b5d6fa816f
1809,1809,2025-02-03,2,ZELLE TO ROMERO YELITZA COSTURERA DORAL ON 02/02 REF #PP0YHBFVG9 PANTALONES MF,ZELLE TO ROMERO YELITZA COSTURERA DORAL,ZELLE TO ROMERO YELITZA COSTURERA DORAL,-48.0,Uncategorized,,Travel & Entertainment,Travel & Entertainment,069be799757e31d10d45c062
1811,1811,2025-02-03,2,ZELLE TO BASKETBALL CHARLIE ON 02/01 REF #RP0YH7829G LORENZO BASCKET,ZELLE TO BASKETBALL CHARLIE,ZELLE TO BASKETBALL CHARLIE,-25.0,Uncategorized,,Travel & Entertainment,Travel & Entertainment,5b03a6d9db3551bcc02cebff
1813,1813,2025-01-31,2,INTEREST PAYMENT,INTEREST PAYMENT,INTEREST PAYMENT,0.09,Income,Financial Services,Income,Financial Services,7d5b277fe6c1b113f962019d
1816,1816,2025-01-30,2,ZELLE TO BASKETBALL CHARLIE ON 01/30 REF #RP0YGYF5BQ BASKET LORENZO,ZELLE TO BASKETBALL CHARLIE,ZELLE TO BASKETBALL CHARLIE,-25.0,Uncategorized,,Travel & Entertainment,Travel & Entertainment,c6b96785e4b235883e24bd3e
1820,1820,2025-01-27,2,INTERNATIONAL PURCHASE TRANSACTION FEE,INTERNATIONAL PURCHASE TRANSACTION FEE,INTERNATIONAL PURCHASE TRANSACTION FEE,-0.15,Uncategorized,,Financial Transactions,Card Payment,164f44f4e86e02cc000162b9
1823,1823,2025-01-24,2,T-MOBILE PCS SVC 250123 3593575 MARIA FERNANDEZ,T-MOBILE,T-MOBILE,-192.58,Uncategorized,,Bills & Utilities,Andre Cell,5d916b2fde1f4f6e0d86aafc
1827,1827,2025-01-21,2,ZELLE TO LEON ROCIO ON 01/20 REF #PP0YG56Q72 TERAPIAS AF,ZELLE TO LEON ROCIO,ZELLE TO LEON ROCIO,-285.0,Uncategorized,,Travel & Entertainment,Travel & Entertainment,78d86970c971379849e4c29a
1831,1831,2025-01-14,2,ZELLE TO BASKETBALL CHARLIE ON 01/14 REF #RP0YFK86PQ BASKET LORENZO,ZELLE TO BASKETBALL CHARLIE,ZELLE TO BASKETBALL CHARLIE,-25.0,Uncategorized,,Travel & Entertainment,Travel & Entertainment,791a29c77d176716c1163801
1835,1835,2025-01-10,2,ZELLE TO BASKETBALL CHARLIE ON 01/10 REF #RP0YF9FT8T BASKET LOREN,ZELLE TO BASKETBALL CHARLIE,ZELLE TO BASKETBALL CHARLIE,-25.0,Uncategorized,,Travel & Entertainment,Travel & Entertainment,ad7feb3bcc65d37facdd1965
1838,1838,2025-01-08,2,ZELLE TO BASKETBALL CHARLIE ON 01/08 REF #RP0YF42JJ8 BASKET LOREN,ZELLE TO BASKETBALL CHARLIE,ZELLE TO BASKETBALL CHARLIE,-25.0,Uncategorized,,Travel & Entertainment,Travel & Entertainment,477a221390e2a73f677c8542
1849,1849,2025-01-02,2,ZELLE TO BROUGH STEPHEN ON 01/02 REF #RP0YDHRZDD BALANCE GASTOS ORLANDO,ZELLE TO BROUGH STEPHEN,ZELLE TO BROUGH STEPHEN,-480.0,Uncategorized,,Travel & Entertainment,Travel & Entertainment,dd105047eae9daef5ccc5201
2251,2251,2025-07-25,3,AMAZON SHOP WITH POINTS CREDIT,AMAZON SHOP WITH POINTS CREDIT,AMAZON,55.15,Uncategorized,,Amazon,Amazon,100d2a48a08600c0e87cd5ca
2252,2252,2025-07-25,3,AMAZON SHOP WITH POINTS CREDIT,AMAZON SHOP WITH POINTS CREDIT,AMAZON,22.12,Uncategorized,,Amazon,Amazon,c39b56bfd0ca04baf8b6359c
2256,2256,2025-07-22,3,UBER TRIP           HTTPS://HELP.UBER.COCA,UBER TRIP           HTTPS://HELP.UBER.COCA,UBER,-11.47,Uncategorized,,Travel & Entertainment,Taxi,e77b5ae612ba0d739f0a26b6
2257,2257,2025-07-21,3,AUTOPAY PAYMENT - THANK YOU,AUTOPAY PAYMENT - THANK YOU,AUTOPAY PAYMENT - THANK YOU,1270.71,Card Payment,Card Payment,Card Payment,Card Payment,ae33ebb90577e4e990dc9fd2
2258,2258,2025-07-21,3,UBER TRIP           HTTPS://HELP.UBER.COCA,UBER TRIP           HTTPS://HELP.UBER.COCA,UBER,-23.24,Uncategorized,,Travel & Entertainment,Taxi,01c11b3de06d0821a9a326ab
2260,2260,2025-07-18,3,UBER TRIP           HTTPS://HELP.UBER.COCA,UBER TRIP           HTTPS://HELP.UBER.COCA,UBER,-23.29,Uncategorized,,Travel & Entertainment,Taxi,b52f5be70efea98a90d7b99e
2263,2263,2025-07-07,3,AMZN MKTP ES*RC1KE9Q800-279-6620,AMAZON,AMAZON,-79.22,Uncategorized,,Amazon,Amazon,9745fb46dd2579b57253fee6
2264,2264,2025-07-04,3,AMZN MKTP ES*RC6WI7L800-279-6620,AMAZON,AMAZON,-134.71,Uncategorized,,Amazon,Amazon,1b5614b30c6ded7195627e78
2269,2269,2025-06-22,3,AUTOPAY PAYMENT - THANK YOU,AUTOPAY PAYMENT - THANK YOU,AUTOPAY PAYMENT - THANK YOU,5826.93,Card Payment,Card Payment,Card Payment,Card Payment,8c38499dc0369f78d14dc326
2283,2283,2025-05-22,3,AUTOPAY PAYMENT - THANK YOU,AUTOPAY PAYMENT - THANK YOU,AUTOPAY PAYMENT - THANK YOU,5995.59,Card Payment,Card Payment,Card Payment,Card Payment,9bb39f9318f30e2dd0273adf
2296,2296,2025-05-08,3,AMAZON SHOP WITH POINTS CREDIT,AMAZON SHOP WITH POINTS CREDIT,AMAZON,198.7,Uncategorized,,Amazon,Amazon,09db4417ee69043bfec0557e
2299,2299,2025-05-06,3,CKO*FERRYHOPPER SA 5AGION OROS,FERRYHOPPER,FERRYHOPPER,-414.59,Uncategorized,,Travel & Entertainment,Travel & Lodging,80d1b91aea7eb0f02a5814f7
2308,2308,2025-04-21,3,AUTOPAY PAYMENT - THANK YOU,AUTOPAY PAYMENT - THANK YOU,AUTOPAY PAYMENT - THANK YOU,4071.54,Card Payment,Card Payment,Card Payment,Card Payment,c14a7f347e79bb7f58035868
2309,2309,2025-04-19,3,SAKS OFF5THCOM,SAKS OFF5THCOM,SAKS OFF 5TH,-64.19,Uncategorized,,General Merchandise,General Merchandise,f627ace4edc1e5abdfe7b645
2310,2310,2025-04-19,3,SAKS OFF5THCOM,SAKS OFF5THCOM,SAKS OFF 5TH,-145.49,Uncategorized,,General Merchandise,General Merchandise,2fde6f2a02046ec499086429
2313,2313,2025-04-15,3,Celebrity Cruises,CELEBRITY CRUISES,CELEBRITY CRUISES,-2675.78,Uncategorized,,Travel & Entertainment,Travel & Lodging,eb22c1e355731f7867eb658c
2321,2321,2025-04-06,3,PROYECTO C.CAMPO-ALOLA ROMANA,PROYECTO C.CAMPO-ALOLA ROMANA,PROYECTO C.CAMPO-ALOLA,-83.35,Uncategorized,,Travel & Entertainment,Travel & Entertainment,43eda2f8bb8f1de6993a88ba
2326,2326,2025-04-03,3,BACKCOUNTRY,BACKCOUNTRY,BACKCOUNTRY,-176.55,Uncategorized,,General Merchandise,General Merchandise,07756364c44ca7226bb796b8
2336,2336,2025-03-25,3,UBER,UBER,UBER,-26.85,Uncategorized,,Travel & Entertainment,Taxi,fe1996332d0f39d24283c68d
2338,2338,2025-03-24,3,UBER,UBER,UBER,-56.63,Uncategorized,,Travel & Entertainment,Taxi,001bbfcb089b1a5dfbc5e879
2339,2339,2025-03-22,3,AUTOPAY PAYMENT - THANK YOU,AUTOPAY PAYMENT - THANK YOU,AUTOPAY PAYMENT - THANK YOU,2477.14,Card Payment,Card Payment,Card Payment,Card Payment,6d9c9ee465ee30d299a7be9d
2340,2340,2025-03-22,3,UBER,UBER,UBER,-10.37,Uncategorized,,Travel & Entertainment,Taxi,a31d14a97a1ba28fa332619a
2341,2341,2025-03-22,3,UBER,UBER,UBER,-54.1,Uncategorized,,Travel & Entertainment,Taxi,da56c4bf9db6d80662cc6b3f
2342,2342,2025-03-20,3,Celebrity Cruises,CELEBRITY CRUISES,CELEBRITY CRUISES,-107.96,Uncategorized,,Travel & Entertainment,Travel & Lodging,bbd2ce5d29973f2bb124f798
2357,2357,2025-03-08,3,AMZN MKTP ES*RB7TF8T800-279-6620,AMAZON,AMAZON,-53.8,Uncategorized,,Amazon,Amazon,58cda81f5f87475342d27c69
2370,2370,2025-02-22,3,AUTOPAY PAYMENT - THANK YOU,AUTOPAY PAYMENT - THANK YOU,AUTOPAY PAYMENT - THANK YOU,8886.7,Card Payment,Card Payment,Card Payment,Card Payment,675270625983adf16e878904
2395,2395,2025-01-22,3,AUTOPAY PAYMENT - THANK YOU,AUTOPAY PAYMENT - THANK YOU,AUTOPAY PAYMENT - THANK YOU,8593.27,Card Payment,Card Payment,Card Payment,Card Payment,60f15d0da05f5839d8a64491
2397,2397,2025-01-19,3,UBER,UBER,UBER,-45.77,Uncategorized,,Travel & Entertainment,Taxi,1abd869a90affdeb89ce16e4
2405,2405,2025-01-15,3,UBER TRIP           HTTPS://HELP.UBER.CODO,UBER TRIP           HTTPS://HELP.UBER.CODO,UBER,-0.98,Uncategorized,,Travel & Entertainment,Taxi,997141045460c19321c6aa51
2406,2406,2025-01-15,3,UBER TRIP           HTTPS://HELP.UBER.CODO,UBER TRIP           HTTPS://HELP.UBER.CODO,UBER,-2.79,Uncategorized,,Travel & Entertainment,Taxi,c6dc160e38922a3c3616f0c8
2407,2407,2025-01-15,3,UBER TRIP           HTTPS://HELP.UBER.CODO,UBER TRIP           HTTPS://HELP.UBER.CODO,UBER,-2.9,Uncategorized,,Travel & Entertainment,Taxi,6d48dae27fe763cbd1202277
2408,2408,2025-01-15,3,UBER,UBER,UBER,-24.33,Uncategorized,,Travel & Entertainment,Taxi,daa01f4fd8bc32208bcc3537
2412,2412,2025-01-14,3,RESTAURANTE MOOREA  SANTO DOMINGO,RESTAURANTE MOOREA  SANTO DOMINGO,RESTAURANTE MOOREA,-262.56,Uncategorized,,Travel & Entertainment,Dining,cc345dc47d5e5d53e4a53f93
2414,2414,2025-01-14,3,UBER TRIP           HTTPS://HELP.UBER.CODO,UBER TRIP           HTTPS://HELP.UBER.CODO,UBER,-4.32,Uncategorized,,Travel & Entertainment,Taxi,6b9b612e86f1dee04671172b
2421,2421,2025-01-06,3,AMAZON SHOP WITH POINTS CREDIT,AMAZON SHOP WITH POINTS CREDIT,AMAZON,276.37,Uncategorized,,Amazon,Amazon,07a171de11b96411effd6544
3322,3322,2025-08-09,5,CASH REWARDS STATEMENT CREDIT,CASH REWARDS STATEMENT CREDIT,CASH REWARDS STATEMENT CREDIT,120.18,Uncategorized,,Financial Transactions,Refunds,5a6f9a8fa69dd61679e09fd5
3323,3323,2025-08-09,5,AMAZON MKTPL*W25562GH3 Amzn.com/billWA,AMAZON,AMAZON,-40.54,Uncategorized,,Amazon,Amazon,5dc2634872904dcbf082e67a
3324,3324,2025-08-08,5,AMAZON MKTPL*B12ZM4DG3 Amzn.com/billWA,AMAZON,AMAZON,-96.28,Uncategorized,,Amazon,Amazon,ecad6b8d67e07ff328fbcc4b
3325,3325,2025-08-07,5,AMAZON MKTPL*2X7E86C03 Amzn.com/billWA,AMAZON MKTPL*2X7E86C03 AMZN.COM/BILLWA,AMAZON,-64.17,Uncategorized,,Amazon,Amazon,7e77e7575d401954ab53a923
3326,3326,2025-08-07,5,AMAZON MKTPL*SP1MP30Q3 Amzn.com/billWA,AMAZON,AMAZON,-27.8,Uncategorized,,Amazon,Amazon,c29e8857d34e4a800bc3ac2d
3327,3327,2025-08-07,5,AMAZON MKTPL*DO99X6613 Amzn.com/billWA,AMAZON,AMAZON,-25.0,Uncategorized,,Amazon,Amazon,f260b2ddf200eff80c7516ad
3389,3389,2025-07-28,1,TAXI LICENCIA 3683 MADRID ESP,TAXI,TAXI,-38.88,Uncategorized,,Travel & Entertainment,Taxi,1db2781c11767584838367b1
3394,3394,2025-07-27,1,SUPER TUSCAN IBIZA ESP,SUPER TUSCAN IBIZA ESP,SUPER TUSCAN,-5.89,Dining,,Dining,,549bdbd421a96a00eed28b27
3396,3396,2025-07-27,1,MARISOL PACHA IBIZA AI IBIZA ESP,MARISOL PACHA IBIZA AI IBIZA ESP,MARISOL PACHA,-47.01,Uncategorized,,Travel & Entertainment,Travel & Entertainment,0065cfe8295be2ea8bbdaeb0
3398,3398,2025-07-27,1,RESTAURANTE MANAPANY EIVISSA ESP,RESTAURANTE MANAPANY EIVISSA ESP,RESTAURANTE MANAPANY,-103.08,Uncategorized,,Travel & Entertainment,Dining,83ea5d26fb3856354b4cf40a
3400,3400,2025-07-26,1,MAR Y PLAYA CHIRINGUIT FORMENTERA ESP,MAR Y PLAYA CHIRINGUIT FORMENTERA ESP,MAR Y PLAYA CHIRINGUIT,-5.89,Uncategorized,,Travel & Entertainment,Dining,c384a0979d9bf39d223dc678
3401,3401,2025-07-26,1,TAXI EST 1047 EIVISSA EIVISSA ESP,TAXI,TAXI,-32.68,Uncategorized,,Travel & Entertainment,Taxi,df66f643793bcd1ca5d3cdb8
3402,3402,2025-07-26,1,RTE. SA PALMERA ES PUJOLS ESP,RTE. SA PALMERA ES PUJOLS ESP,RTE. SA PALMERA,-67.86,Dining,,Dining,,8aad031554c3bfda18ef01f6
3404,3404,2025-07-25,1,FORM - BESO SANT FRANCESC ESP,FORM - BESO SANT FRANCESC ESP,BESO,-8.25,Dining,,Dining,,a576eae93c86d10ac744d164
3405,3405,2025-07-25,1,"FORM.-ILLETES 1 CALETA, LA ESP",ILLETES,ILLETES,-8.25,Dining,,Dining,,dd19a28a024a90de3cf1a3aa
3407,3407,2025-07-25,1,TAHITI BEACH ES PUJOLS-FOR ESP,TAHITI BEACH ES PUJOLS-FOR ESP,TAHITI BEACH,-40.45,Uncategorized,,Travel & Entertainment,Dining,29ba312c57564bf2c3f5cc95
3408,3408,2025-07-25,1,HOTEL CA MARI FORMENTERA ESP,HOTEL CA MARI FORMENTERA ESP,HOTEL CA MARI,-53.06,Uncategorized,,Travel & Entertainment,Travel & Entertainment,d54e1d00022d6b4f24daeea6
3409,3409,2025-07-25,1,PARAISO DE LOS PINOS SANT FRANCESC ESP,PARAISO DE LOS PINOS SANT FRANCESC ESP,PARAISO DE LOS PINOS,-79.01,Uncategorized,,Travel & Entertainment,Travel & Lodging,0f13b1d19842dadaac81fd1c
3414,3414,2025-07-25,1,BESO BEACH . FISICO SANT JORDI DE ESP,BESO BEACH . FISICO SANT JORDI DE ESP,BESO BEACH,-120.28,Uncategorized,,Travel & Entertainment,Dining,ce54d2c2b3ed2495d2d71d5e
3415,3415,2025-07-24,1,FORMENTERA SER PALMA MALLORC ESP,FORMENTERA SER PALMA MALLORC ESP,FORMENTERA SER,-0.35,Dining,,Dining,,76a7c82e2975b461cfd9938c
3416,3416,2025-07-24,1,C A F E T E R I A PALMA DE MALL ESP,C A F E T E R I A PALMA DE MALL ESP,CAFETERIA,-2.71,Dining,,Dining,,55fb4b4a125290ea8a793792
3418,3418,2025-07-24,1,CALIMA FOOD AND DRINKS IBIZA ESP,CALIMA FOOD AND DRINKS IBIZA ESP,CALIMA FOOD AND DRINKS,-8.23,Uncategorized,,Travel & Entertainment,Dining,87a0ad961788c7eea8083c3b
3420,3420,2025-07-24,1,PALMA SUITES PZA.MERCA PALMA ESP,PALMA SUITES PZA.MERCA PALMA ESP,PALMA SUITES,-23.52,Uncategorized,,Travel & Entertainment,Travel & Lodging,d041bacb844302b2540c0038
3421,3421,2025-07-24,1,P A LLOMPART Y A PIERA PALMA DE MALL ESP,P A LLOMPART Y A PIERA PALMA DE MALL ESP,P A LLOMPART Y A PIERA,-41.17,Dining,,Dining,,b9c4f3f3572efb67c2cff0b0
3422,3422,2025-07-24,1,BOUTIQUE SAVINA LA SAVINA ESP,BOUTIQUE SAVINA LA SAVINA ESP,BOUTIQUE SAVINA,-46.93,Uncategorized,,General Merchandise,General Merchandise,dbf0215ce96258551e635695
3423,3423,2025-07-24,1,CAN CARLITOS LA SAVINA ESP,CAN CARLITOS LA SAVINA ESP,CAN CARLITOS,-96.45,Uncategorized,,Travel & Entertainment,Dining,25416f927db0c6b5e482a3c5
3427,3427,2025-07-23,1,QUARTERA PALMA ESP,QUARTERA PALMA ESP,QUARTERA,-13.28,Uncategorized,,General Merchandise,General Merchandise,3a16c9fb11973c00173f9f24
3428,3428,2025-07-23,1,MALLORCA SENSE FAM PALMA ESP,MALLORCA SENSE FAM PALMA ESP,MALLORCA SENSE FAM,-18.82,Travel & Entertainment,,Travel & Entertainment,,faeabf62b24cada18caee934
3430,3430,2025-07-23,1,"PALAU SOLEDAT, LA ESP","PALAU SOLEDAT, LA ESP",PALAU SOLEDAT,-59.45,Travel & Entertainment,,Travel & Entertainment,,9fc4fedaa1067774a6131824
3433,3433,2025-07-22,1,CAFE PASTELIER PALMA ESP,CAFE PASTELIER PALMA ESP,CAFE PASTELIER,-27.54,Dining,,Dining,,b294a1f9b6a709a76320c48f
3434,3434,2025-07-22,1,WODDY MARE PALMA ESP,WODDY MARE PALMA ESP,WODDY MARE,-51.45,Travel & Entertainment,,Travel & Entertainment,,43368d117550470f1166beec
3435,3435,2025-07-22,1,"NU MALLORCA MURO, ISLAS B ESP","NU MALLORCA MURO, ISLAS B ESP",NU MALLORCA,-63.29,Travel & Entertainment,,Travel & Entertainment,,caa7b21877c38c8c557b62c3
3437,3437,2025-07-21,1,NYX*ABServiciosSelecta TorrejondeArd ESP,NYX*ABSERVICIOSSELECTA TORREJONDEARD ESP,ABSERVICIOSSELECTA,-2.22,Uncategorized,,Travel & Entertainment,Dining,2cebeea7c2244f84c4d0e998
3441,3441,2025-07-21,1,PALMA SUITES PZA.MERCA PALMA ESP,PALMA SUITES PZA.MERCA PALMA ESP,PALMA SUITES,-84.87,Uncategorized,,Travel & Entertainment,Travel & Lodging,427d5e9f2d45c55945d35f44
3448,3448,2025-07-20,1,AIR EUROPA LINEAS AERE LLUCMAJOR ESP,AIR EUROPA LINEAS AERE LLUCMAJOR ESP,AIR EUROPA,-209.17,Uncategorized,,Travel & Entertainment,Travel & Entertainment,363a2474dc2790a029a37566
3454,3454,2025-07-19,1,DRUNI MAD29-VELAZQUEZ MADRID ESP,DRUNI,DRUNI,-11.03,Uncategorized,,Medical,Medical,7319ed58dbf3ded492422cd1
3460,3460,2025-07-18,1,BOSTON ZARAGOZA CENTRO ZARAGOZA ESP,BOSTON ZARAGOZA CENTRO ZARAGOZA ESP,BOSTON ZARAGOZA CENTRO,-134.26,Uncategorized,,General Merchandise,General Merchandise,5df3c961c20b0b9e4ceeb954
3462,3462,2025-07-18,1,10234 ZARAGOZA P.INDEP ZARAGOZA ESP,10234 ZARAGOZA P.INDEP ZARAGOZA ESP,ZARAGOZA P.INDEP ZARAGOZA ESP,-207.51,Uncategorized,,General Merchandise,General Merchandise,45b1ace714731983d8b95923
3465,3465,2025-07-18,1,AC HOTEL RECOLETOS FOH MADRID ESP,AC HOTEL RECOLETOS,AC HOTEL RECOLETOS,-861.91,Uncategorized,,Travel & Entertainment,Travel & Lodging,e9cd2b6e5da4c5572c20b71f
3466,3466,2025-07-18,1,FARMACIA LOS SOPORTALE SAN LORENZO D ESP,FARMACIA LOS SOPORTALE SAN LORENZO D ESP,FARMACIA LOS SOPORTALE,-1.75,Uncategorized,,Medical,Medical,a4f249dd080fe4b70104af46
3467,3467,2025-07-18,1,IPARK EL ESCORIAL SAN LORENZO D ESP,IPARK EL ESCORIAL SAN LORENZO D ESP,IPARK EL ESCORIAL,-7.88,Uncategorized,,Travel & Entertainment,Parking,b7bc7f7f96b36a8d0bca3c5b
3468,3468,2025-07-17,1,ME VA ME VA ZARAGOZA ESP,ME VA ME VA ZARAGOZA ESP,ME VA ME VA,-13.48,Clothing,,Clothing,,4597d2ae01de68b2b853adf1
3469,3469,2025-07-17,1,MULAYA ZARAGOZA ESP,MULAYA ZARAGOZA ESP,MULAYA,-14.04,Clothing,,Clothing,,6bd867e6f3450e054c968615
3470,3470,2025-07-17,1,FARMACIA CARMEN PLAZA ZARAGOZA ESP,FARMACIA CARMEN PLAZA ZARAGOZA ESP,FARMACIA CARMEN PLAZA,-30.51,Uncategorized,,Medical,Medical,738e07be4d0596909731917a
3471,3471,2025-07-17,1,FARMACIA CLAVER ZARAGOZA ESP,FARMACIA CLAVER ZARAGOZA ESP,FARMACIA CLAVER,-33.41,Uncategorized,,Medical,Medical,c158f2d06d7cdfec83a26a4e
3473,3473,2025-07-17,1,MULAYA ZARAGOZA ESP,MULAYA ZARAGOZA ESP,MULAYA,-141.48,General Merchandise,,General Merchandise,,fc11cc5756a6c699ccf48e1b
3475,3475,2025-07-16,1,GASTROBAR COSTA 8 ZARAGOZA ESP,GASTROBAR COSTA 8,GASTROBAR COSTA 8,-16.72,Uncategorized,,Travel & Entertainment,Dining,f0e3f45a4f06c4859175af6a
3476,3476,2025-07-16,1,LA REPUBLICANA ZARAGOZA ESP,LA REPUBLICANA ZARAGOZA ESP,LA REPUBLICANA,-19.18,Uncategorized,,Travel & Entertainment,Dining,49f6373e59cf310f20de084b
3477,3477,2025-07-16,1,FNAC PLAZA ESPANA ZARAGOZA ESP,FNAC PLAZA ESPANA ZARAGOZA ESP,FNAC,-24.68,Uncategorized,,General Merchandise,General Merchandise,9bc2504ee7bdb56a66b26104
3478,3478,2025-07-16,1,XI STORE ZARAGOZA ESP,XI STORE ZARAGOZA ESP,XI STORE,-35.03,Uncategorized,,General Merchandise,General Merchandise,3ee1cc41e395792892ecd204
3479,3479,2025-07-15,1,LA REPUBLICANA ZARAGOZA ESP,LA REPUBLICANA ZARAGOZA ESP,LA REPUBLICANA,-5.97,Uncategorized,,Travel & Entertainment,Dining,be466799bf01cffe43d75e4b
3480,3480,2025-07-15,1,"SQ *CAFE NOLASCO, S.L. ZARAGOZA ESP","SQ *CAFE NOLASCO, S.L. ZARAGOZA ESP",CAFE NOLASCO,-6.43,Uncategorized,,Travel & Entertainment,Dining,aeefd37c466fb28c11fef69d
3482,3482,2025-07-15,1,TARIN GRUPO JOYERO SL ZARAGOZA ESP,TARIN GRUPO JOYERO SL ZARAGOZA ESP,TARIN GRUPO JOYERO,-409.46,Uncategorized,,Jewerly,Jewelry,2c427ced77398282196945e7
3486,3486,2025-07-14,1,MATSURI MARRAKECH Marrakech MAR,MATSURI MARRAKECH MARRAKECH MAR,MATSURI MARRAKECH,-66.71,Uncategorized,,Travel & Entertainment,Dining,25b390bc8a3af0e899da5c69
3487,3487,2025-07-14,1,OKLM INVESTMENT MKCH Marrakech MAR,OKLM INVESTMENT MKCH MARRAKECH MAR,OKLM INVESTMENT,-662.96,Uncategorized,,Travel & Entertainment,Travel & Entertainment,bbbb0ab3ea0548d0d758fe8d
3489,3489,2025-07-13,1,ATLAS MONTGOLFIERE Marrakech MAR,ATLAS MONTGOLFIERE MARRAKECH MAR,ATLAS MONTGOLFIERE,-444.72,Uncategorized,,Travel & Entertainment,Travel & Entertainment,51ffa5ca57904e8c001b3d0f
3490,3490,2025-07-12,1,L'ADRESSE MARRAKECH MAR,L'ADRESSE MARRAKECH MAR,L'ADRESSE,-50.03,Uncategorized,,Travel & Entertainment,Dining,bc469bdcf5297f227d306de1
3493,3493,2025-07-12,1,KSOUR BIO Marrakech MAR,KSOUR BIO MARRAKECH MAR,KSOUR BIO,-93.39,Uncategorized,,Travel & Entertainment,Groceries,a4c9586c6e14b4cc28219f21
3494,3494,2025-07-12,1,REST LA MAMOUNIA A Marrakech MAR,REST LA MAMOUNIA A MARRAKECH MAR,LA MAMOUNIA,-210.13,Dining,,Dining,,c7adc59d1e0cd0cb18a82283
3495,3495,2025-07-12,1,Lodging H NELIA SIGNAT Marrakech MAR,LODGING H NELIA SIGNAT MARRAKECH MAR,NELIA SIGNAT,-1212.96,Travel & Lodging,,Travel & Lodging,,73149fc5fe5224cd97d40a44
3496,3496,2025-07-11,1,REST LA MAMOUNIA A Marrakech MAR,REST LA MAMOUNIA A MARRAKECH MAR,LA MAMOUNIA,-396.91,Dining,,Dining,,d26d58d78aac0bdcb110651a
3518,3518,2025-06-26,1,FATHIA INVESTMENTS LIM NASSAU BHS,FATHIA INVESTMENTS LIM NASSAU BHS,FATHIA INVESTMENTS LIM,-760.0,Uncategorized,,Travel & Entertainment,Travel & Entertainment,f00defd7c1508b9443792bd5
3556,3556,2025-06-13,1,AMERICAN0010272033911 MEXICO CITY MEXNAME: FALENI/ANDREINA DEPART:06/13/2025 EBC TO FEE: AA: CLASS:Y : STOP: O,AMERICAN,AMERICAN,-36.4,Transport,,Transport,,572337a50e0bb7663a5670e3
3567,3567,2025-06-08,1,AA Kiosk0010271756242 Miami FLNAME: FALENI/ANDREINA DEPART:06/08/2025 MIA TO MEX: AA: CLASS:O : STOP: O,AA KIOSK,AA KIOSK,-35.0,Transport,,Transport,,13bbb38d836fec720cf6ca84
3570,3570,2025-06-08,1,MERPAGO*MORAMORA CIUDAD DE MEX MEX,MERPAGO*MORAMORA CIUDAD DE MEX MEX,MORAMORA,-1.62,Uncategorized,,Travel & Entertainment,Dining,e0019d3130e85c5742a1d078
3589,3589,2025-05-31,1,AMERICAN0012245113785 PHOENIX AZNAME: FALENI/MICHEL DEPART:01/04/2026 DFW TO MIA: AA: CLASS:Y : STOP: O ASE TO DFW: AA: CLASS:Y : STOP: O CLT TO ASE: AA: CLASS:Y : STOP: O MIA TO CLT: AA: CLASS:Y : STOP: O,AMERICAN,AMERICAN,-11.2,Transport,,Transport,,eed5ec95d9bfefa3fa37da8c
3617,3617,2025-05-20,1,TARIN JOYEROS ZARAGOZA ESP,TARIN JOYEROS ZARAGOZA ESP,TARIN JOYEROS,-1004.81,Uncategorized,,Jewerly,Jewelry,66a84a06b587e918a5ac4218
3660,3660,2025-05-02,1,RYANAIR2224PR1WHM SWORDS IRLNAME: FALENI/MICHEL DEPART:07/11/2025 RAK TO MAD: FR: CLASS:W : STOP: 0 MAD TO RAK: FR: CLASS:A : STOP: 0,RYANAIR,RYANAIR,-472.84,Uncategorized,,Travel & Entertainment,Travel & Entertainment,289adf8ddb6f211df67cc0c8
3673,3673,2025-04-27,1,AMERICAN0012234760612 PHOENIX AZNAME: FALENI/ANDREINA DEPART:07/10/2025 MAD TO MIA: AA: CLASS:O : STOP: O MIA TO MAD: AA: CLASS:O : STOP: O,AMERICAN AIRLINES,AMERICAN AIRLINES,-10.0,Uncategorized,,Travel & Entertainment,Travel & Entertainment,fcf08d629d24ed617a10789f
3709,3709,2025-04-13,1,HOTEL SANCTUARY HIGUEY DOM,HOTEL SANCTUARY HIGUEY DOM,HOTEL SANCTUARY,-92.3,Uncategorized,,Travel & Entertainment,Travel & Lodging,a133c6a015bcf7991464a34b
3710,3710,2025-04-13,1,MINIMARKET HIGUEY DOM,MINIMARKET HIGUEY DOM,MINIMARKET,-14.42,Uncategorized,,Groceries,Groceries,9113b7c3491ff832a66fdeee
3713,3713,2025-04-10,1,HOTEL SANCTUARY HIGUEY DOM,HOTEL SANCTUARY HIGUEY DOM,HOTEL SANCTUARY,-2720.92,Uncategorized,,Travel & Entertainment,Travel & Lodging,5f1c83734498d06144ac8f3c
3769,3769,2025-03-17,1,AMERICAN0014456273374 FORT WORTH TXNAME: MICHEL FALENI DEPART:03/22/2025 LAX TO ASE: AA: CLASS:Y : STOP: O MIA TO LAX: AA: CLASS:J : STOP: O,AMERICAN,AMERICAN,-252.4,Transport,,Transport,,565f804fa08decf13d7a0a51
3801,3801,2025-03-03,1,T4S01DL67 ARZABAL MARK MADRID ESP,ARZABAL MARK,ARZABAL MARK,-25.54,Dining,,Dining,,4989b9953da776342e28e154
3802,3802,2025-03-03,1,LIC. 13.856 MADRID ESP,LIC. 13.856 MADRID ESP,LIC. . MADRID ESP,-35.39,Taxes,,Taxes,,3120aae8c1d64e95f5885d0e
3805,3805,2025-03-02,1,MERCADO DE SAN ILDEFON MADRID ESP,MERCADO DE SAN ILDEFON,MERCADO DE SAN ILDEFON,-2.61,Dining,,Dining,,f81f0020059e46353fdfb91d
3808,3808,2025-03-02,1,MERCADO DE SAN ILDEFON MADRID ESP,MERCADO DE SAN ILDEFON,MERCADO DE SAN ILDEFON,-7.61,Dining,,Dining,,7a6de071804448f9674ca948
3812,3812,2025-03-02,1,JAIBO JAPONES MADRID ESP,JAIBO JAPONES MADRID ESP,JAIBO JAPONES,-13.03,Uncategorized,,Travel & Entertainment,Dining,adb6a90b758a4bb1c5f3117e
3817,3817,2025-03-02,1,OYSHO ALCOBENDAS ESP,OYSHO ALCOBENDAS ESP,OYSHO,-242.55,Uncategorized,,General Merchandise,General Merchandise,f96842b8a32e4c7482e8cbaa
3818,3818,2025-03-02,1,OYSHO MADRID ESP,OYSHO MADRID ESP,OYSHO,-247.15,Uncategorized,,General Merchandise,General Merchandise,08fdb2c0b742406a1a523754
3822,3822,2025-03-01,1,CON.FID. STATION SRL . MILANO ITA,CON.FID. STATION SRL,CON.FID. STATION SRL,-1.25,Dining,,Dining,,642d9322aa205e4b9619c2f9
3828,3828,2025-02-28,1,Coop-1786 St.Morit St. Moritz CHE,COOP-1786 ST.MORIT ST. MORITZ CHE,COOP,-3.7,Uncategorized,,Travel & Entertainment,Groceries,ff7aa8d8dff574fce83ec02a
3829,3829,2025-02-28,1,Hotel Steffani - Resta St. Moritz CHE,HOTEL STEFFANI - RESTA ST. MORITZ CHE,HOTEL STEFFANI - RESTA,-25.78,Uncategorized,,Travel & Entertainment,Dining,de8f040764ca442b5e14942d
3847,3847,2025-02-26,1,M?ller Handels AG Schw Zermatt CHE,M?LLER HANDELS AG SCHW ZERMATT CHE,MÃ¼LLER HANDELS AG,-1.74,Uncategorized,,Travel & Entertainment,Groceries,a34e55b39251464762f31f56
3848,3848,2025-02-26,1,B?ckerei Fuchs AG Zermatt CHE,B?CKEREI FUCHS AG ZERMATT CHE,B?CKEREI FUCHS AG,-8.42,Dining,,Dining,,74f7b8d0c0d139924cdb640a
3849,3849,2025-02-26,1,Bahnhofstrasse 22 Zermatt CHE,BAHNHOFSTRASSE 22 ZERMATT CHE,BAHNHOFSTRASSE ZERMATT CHE,-38.16,Uncategorized,,Bills & Utilities,Bills & Utilities,54af639275ba4f768a1b4491
3853,3853,2025-02-26,1,Taxi Christophe GmbH Zermatt CHE,TAXI CHRISTOPHE GMBH ZERMATT CHE,TAXI CHRISTOPHE GMBH,-33.45,Uncategorized,,Travel & Entertainment,Taxi,a2083ba37ce701b9e69aae66
3855,3855,2025-02-25,1,Glacier Sport ski + hi Zermatt CHE,GLACIER SPORT SKI + HI ZERMATT CHE,GLACIER SPORT SKI + HI,-33.4,Uncategorized,,General Merchandise,General Merchandise,19fcbf99a7338e602d19af72
3856,3856,2025-02-25,1,Taxi 24 Lombardo Zermatt CHE,TAXI 24 LOMBARDO ZERMATT CHE,TAXI 24 LOMBARDO,-33.52,Uncategorized,,Travel & Entertainment,Taxi,ace626396c4fb8eb5b64859b
3863,3863,2025-02-24,1,Hotel Gornergrat-Dorf Zermatt CHE,HOTEL GORNERGRAT-DORF ZERMATT CHE,HOTEL GORNERGRAT-DORF,-10.59,Uncategorized,,Travel & Entertainment,Travel & Lodging,a07171cfc5f91d851d9c4cc5
3873,3873,2025-02-22,1,C.COFFEE LOVERS VENEZIA ITA,C.COFFEE LOVERS VENEZIA ITA,C.COFFEE LOVERS,-2.63,Uncategorized,,Travel & Entertainment,Dining,d73c9e7bce04b9e4f2caf5ef
3874,3874,2025-02-22,1,PARAFARMACRIMI MARCO . VENEZIA ITA,PARAFARMACRIMI MARCO . VENEZIA ITA,PARAFARMACRIMI MARCO,-12.47,Uncategorized,,Medical,Medical,df80939a1e935072b9e859f0
3876,3876,2025-02-22,1,Scheerer Optik AG Z?rich CHE,SCHEERER OPTIK AG Z?RICH CHE,SCHEERER OPTIK AG,-52.4,Uncategorized,,Medical,Medical,a276d08e7140be4077f43caa
3880,3880,2025-02-22,1,LUFTHAN202204084770205 FALCONARA MAR ITANAME: FALENI/ANDREINA MRS DEPART:02/22/2025 VCE TO ZRH: LX: CLASS: : STOP:,LUFTHANSA,LUFTHANSA,-63.05,Uncategorized,,Travel & Entertainment,Travel & Entertainment,6b2b185c36b939bf4c8a4a3e
3881,3881,2025-02-21,1,STELLA SHOP VENEZIA ITA,STELLA SHOP VENEZIA ITA,STELLA SHOP,-206.48,Uncategorized,,General Merchandise,General Merchandise,76b679f4bb3cafa86c96d504
3882,3882,2025-02-21,1,DFS ITALIA srl Venezia ITA,DFS ITALIA SRL VENEZIA ITA,DFS ITALIA SRL,-16.77,Uncategorized,,General Merchandise,General Merchandise,75284ab5855038643432fa22
3883,3883,2025-02-20,1,DARSENA AEROPORTO M. P VENEZIA ITA,DARSENA AEROPORTO M. P VENEZIA ITA,DARSENA AEROPORTO M. P,-31.39,Uncategorized,,Travel & Entertainment,Taxi,d6c226f46b76bb1295ebe514
3884,3884,2025-02-20,1,TRATTORIA DA GIOIA VENEZIA ITA,TRATTORIA DA GIOIA VENEZIA ITA,TRATTORIA DA GIOIA,-42.19,Uncategorized,,Travel & Entertainment,Dining,118b02b62ce28c061622126f
3885,3885,2025-02-20,1,DARSENA AEROPORTO M. P VENEZIA ITA,DARSENA AEROPORTO M. P VENEZIA ITA,DARSENA AEROPORTO M. P,-47.08,Uncategorized,,Travel & Entertainment,Taxi,3bbeb8cdaa5c6c44e6e4509a
3886,3886,2025-02-20,1,BAR AUTORIMESSA VE VENEZIA ITA,BAR AUTORIMESSA VE VENEZIA ITA,BAR AUTORIMESSA VE,-88.41,Uncategorized,,Travel & Entertainment,Dining,ed9e8fca88e754175af4896d
3887,3887,2025-02-19,1,CITY BAR DI VISENTIN O CASSOLA ITA,CITY BAR DI VISENTIN O CASSOLA ITA,CITY BAR DI VISENTIN O,-8.92,Uncategorized,,Travel & Entertainment,Dining,83ffd14919f0fd34c4914da1
3888,3888,2025-02-19,1,RISTORANTE BAR AGORA' DESENZANO DEL ITA,RISTORANTE BAR AGORA' DESENZANO DEL ITA,RISTORANTE BAR AGORA,-188.64,Dining,,Dining,,22e30bb6c645f35344ffe2bc
3889,3889,2025-02-18,1,SIS SRL BASSANO DEL G ITA,SIS SRL BASSANO DEL G ITA,SIS SRL,-3.15,Uncategorized,,Travel & Entertainment,Travel & Entertainment,bc5a6fd8b3020e7a0fb446c1
3890,3890,2025-02-18,1,DOLCE BASSANO SNC BASSANO DEL G ITA,DOLCE BASSANO SNC BASSANO DEL G ITA,DOLCE BASSANO SNC,-15.45,Uncategorized,,Travel & Entertainment,Dining,41fe25f8f991d3bf1f182dee
3892,3892,2025-02-18,1,CITY BAR DI VISENTIN O CASSOLA ITA,CITY BAR DI VISENTIN O CASSOLA ITA,CITY BAR DI VISENTIN,-3.05,Uncategorized,,Travel & Entertainment,Dining,2098edd8928223f0b0894fdd
3893,3893,2025-02-18,1,CITY BAR DI VISENTIN O CASSOLA ITA,CITY BAR DI VISENTIN O CASSOLA ITA,CITY BAR DI VISENTIN,-14.5,Uncategorized,,Travel & Entertainment,Dining,6f1fb4ef9d9cc4fc37a07dda
3895,3895,2025-02-17,1,183 - VERONA ITA,183 - VERONA ITA,- VERONA ITA,-1.05,Dining,,Dining,,8960cff9f266cf9d1bdfb082
3896,3896,2025-02-17,1,183 - VERONA ITA,183 - VERONA ITA,- VERONA ITA,-4.21,Dining,,Dining,,6473f9e0da84ad5d9ece725b
3897,3897,2025-02-17,1,CASA DEL CAFFE' VERONA ITA,CASA DEL CAFFE' VERONA ITA,CASA DEL CAFFE,-14.2,Uncategorized,,Travel & Entertainment,Dining,77cfa02c027960b77d9c570d
3898,3898,2025-02-17,1,CHARGET VERONA ITA,CHARGET VERONA ITA,CHARGET,-49.74,Uncategorized,,Travel & Entertainment,Travel & Entertainment,a04fbca604016e68d6014c0c
3900,3900,2025-02-17,1,Hotel Milano Verona ITA,HOTEL MILANO VERONA ITA,HOTEL MILANO,-106.2,Uncategorized,,Travel & Entertainment,Travel & Lodging,8f903f7966b13fb3c66c33d4
3904,3904,2025-02-16,1,AEROP. ADOLFO SUAREZ M MADRID ESP,AEROP. ADOLFO SUAREZ,AEROP. ADOLFO SUAREZ,-7.05,Uncategorized,,General Merchandise,General Merchandise,1c3361a91d17dcc56da0906f
3906,3906,2025-02-16,1,EMPORIO DEL GRANO VENEZIA ITA,EMPORIO DEL GRANO VENEZIA ITA,EMPORIO DEL GRANO,-14.62,Uncategorized,,Travel & Entertainment,Dining,92fe2d0e75a1a161d833d2a8
3910,3910,2025-02-15,1,LA MALLORQUINA VELAZQU MADRID ESP,LA MALLORQUINA,LA MALLORQUINA,-13.35,Uncategorized,,Travel & Entertainment,Dining,47dd803b6d9427a1e352332b
3911,3911,2025-02-15,1,CAPPUCCINO MADRID MADRID ESP,CAPPUCCINO MADRID MADRID ESP,CAPPUCCINO MADRID,-31.81,Uncategorized,,Travel & Entertainment,Dining,7dd6791a3a7e3b885a0f6a81
3912,3912,2025-02-15,1,TABERNA LOS GALLOS MADRID ESP,TABERNA LOS GALLOS,TABERNA LOS GALLOS,-79.07,Uncategorized,,Travel & Entertainment,Dining,9cff6f35ada768bc2d44218b
3913,3913,2025-02-15,1,RTE MARISQUERIA EL BAR MADRID ESP,RTE MARISQUERIA EL BAR,RTE MARISQUERIA EL BAR,-89.38,Uncategorized,,Beach,Beach,4bbc0db0f24b08242225a53c
3914,3914,2025-02-15,1,OYSHO MADRID ESP,OYSHO MADRID ESP,OYSHO,-123.29,Uncategorized,,General Merchandise,General Merchandise,1095c211106b6fe064abe7f9
3943,3943,2025-01-28,1,AMERICAN0012210081493 PHOENIX AZNAME: FALENI/ANDREINA DEPART:03/22/2025 LAX TO ASE: AA: CLASS:Y : STOP: O MIA TO LAX: AA: CLASS:Y : STOP: O,AMERICAN AIRLINES,AMERICAN AIRLINES,-5.6,Uncategorized,,Travel & Entertainment,Travel & Entertainment,a9d1aa3aaf9758d716bcb2d7
3951,3951,2025-01-24,1,AHCA / RITZ-CARLTON AS ASPEN CO PHONE NUMBER: 8636887700 FOLIO NUMBER: M02680 ARRIVE: 01/24/2025 DEPART:01/24/2025 null XXXXXXXXXXXX0063,RITZ-CARLTON,RITZ-CARLTON,-5.47,Uncategorized,,Travel & Entertainment,Travel & Lodging,2f970eaad4ef234495667c2d
3970,3970,2025-01-14,1,AMERICAN0012205921483 PHOENIX AZNAME: FALENI/ANDREINA DEPART:02/15/2025 MAD TO VCE: IB: CLASS:X : STOP: O MIA TO MAD: IB: CLASS:P : STOP: O,AMERICAN,AMERICAN,-122.4,Transport,,Transport,,b7080f0981f23d4138cb9beb
3971,3971,2025-01-14,1,AMERICAN0012205923975 PHOENIX AZNAME: FALENI/LORENZO DEPART:02/21/2025 PHL TO ZRH: AA: CLASS:Y : STOP: O MIA TO PHL: AA: CLASS:Y : STOP: O,AMERICAN,AMERICAN,-5.6,Transport,,Transport,,bb501ec20195156df2bc5648
3988,3988,2025-01-06,1,STC Switzerland Travel Z?rich CHE,STC SWITZERLAND TRAVEL Z?RICH CHE,STC SWITZERLAND TRAVEL,-1302.0,Uncategorized,,Travel & Entertainment,Travel & Entertainment,57265fb63498a8d38be8bdf6
4803,4803,2025-08-13,4,ONLINE TRANSFER REF #IB0TJ3ZNXF FROM PERSONAL LINE OF CREDIT XXXXXX4311 ON 08/13/25,ONLINE TRANSFER REF #IB0TJ3ZNXF FROM PERSONAL LINE OF CREDIT XXXXXX4311 ON 08/13/25,ONLINE TRANSFER REF IB0TJ3ZNXF FROM,2750.0,Financial Transactions,,Financial Transactions,,7f0d0fcbbcf8dcf67f75fc52
4805,4805,2025-08-12,4,ONLINE TRANSFER REF #IB0THMKLQP FROM PERSONAL LINE OF CREDIT XXXXXX4311 ON 08/12/25,ONLINE TRANSFER REF #IB0THMKLQP FROM PERSONAL LINE OF CREDIT XXXXXX4311 ON 08/12/25,ONLINE TRANSFER REF IB0THMKLQP FROM,10207.0,Financial Transactions,,Financial Transactions,,704f7ee87c4e0a5fe2a9e82e
4806,4806,2025-08-11,4,ZELLE TO JORGE BONINI ORLANDO ON 08/09 REF #RP0Z55LVNW,ZELLE TO JORGE BONINI ORLANDO,ZELLE TO JORGE BONINI ORLANDO,-72.0,Uncategorized,,Travel & Entertainment,Travel & Entertainment,70040823c9619e7445a162c4
4807,4807,2025-08-11,4,ZELLE FROM JORGE PEREZ ON 08/09 REF # JBJ0CY0GIIK3,ZELLE FROM JORGE PEREZ,ZELLE FROM JORGE PEREZ,268.0,Uncategorized,,Travel & Entertainment,Travel & Entertainment,0b4da00ef7ebae785e1d5e21
4808,4808,2025-08-11,4,ZELLE FROM SOLARTE ALFREDO ON 08/09 REF # PP0Z559N34,ZELLE FROM SOLARTE ALFREDO,ZELLE FROM SOLARTE ALFREDO,482.08,Uncategorized,,Travel & Entertainment,Travel & Entertainment,a38a2ac583c71e84c8ab7b43
4810,4810,2025-08-08,4,ZELLE FROM LENIN CARDENAS ON 08/08 REF # BACKKPJ3XW1V,ZELLE FROM LENIN CARDENAS,ZELLE FROM LENIN CARDENAS,819.0,Uncategorized,,Travel & Entertainment,Travel & Entertainment,11ad34fd3f663fb8d023b0f0
4814,4814,2025-08-04,4,ZELLE TO HACIENDA DANI ON 08/02 REF #RP0Z4HMVMZ,ZELLE TO HACIENDA DANI,ZELLE TO HACIENDA DANI,-150.0,Uncategorized,,Travel & Entertainment,Travel & Entertainment,7819348e774bc23f2b3b2f18
4815,4815,2025-08-04,4,ZELLE FROM JORGE BONINI ON 08/04 REF # BACANTCOZWCN,ZELLE FROM JORGE BONINI,ZELLE FROM JORGE BONINI,214.0,Uncategorized,,Travel & Entertainment,Travel & Entertainment,daeaf41a0b73c50c5bdc67f6
4816,4816,2025-08-04,4,ZELLE FROM JORGE PEREZ ON 08/04 REF # JBJ0COORKB24,ZELLE FROM JORGE PEREZ,ZELLE FROM JORGE PEREZ,14.0,Uncategorized,,Travel & Entertainment,Travel & Entertainment,a6d174058f407f679d0f14c6
4817,4817,2025-08-01,4,APPLECARD GSBANK PAYMENT 073125 1881361 Michel Faleni,APPLE CARD,APPLE CARD,398.2,Uncategorized,,Financial Transactions,Card Payment,c84aa9979dcdf027d74afaeb
4819,4819,2025-08-01,4,RECURRING TRANSFER TO FALENI M PLATINUM SAVINGS REF #OP0TCHW7G6 XXXXXXXXX0903,RECURRING TRANSFER TO FALENI M PLATINUM SAVINGS REF #OP0TCHW7G6 XXXXXXXXX0903,RECURRING TRANSFER TO FALENI M,-1174.0,Uncategorized,,Savings,,388c58df5fe885d127bb91e3
4820,4820,2025-07-31,4,INTEREST PAYMENT,INTEREST PAYMENT,INTEREST PAYMENT,0.01,Uncategorized,,Bank Fees,Bank Fees,f2475dfb4cadccacff21035d
4825,4825,2025-07-30,4,ZELLE TO VALET EPIC ON 07/30 REF #RP0Z42S29F,ZELLE TO VALET EPIC,ZELLE TO VALET EPIC,-5.0,Uncategorized,,Travel & Entertainment,Travel & Entertainment,9c39a848ecd9cdb390b40ab2
4826,4826,2025-07-29,4,ZELLE TO SEBASTIAN CAMINERO ON 07/29 REF #RP0Z3XRQKY,ZELLE TO SEBASTIAN CAMINERO,ZELLE TO SEBASTIAN CAMINERO,-160.0,Uncategorized,,Travel & Entertainment,Travel & Entertainment,634ba225f3cbc341666e7354
4827,4827,2025-07-29,4,MOBILE DEPOSIT : REF NUMBER :706290823023,MOBILE DEPOSIT : REF NUMBER :706290823023,MOBILE DEPOSIT REF NUMBER,15.0,Uncategorized,,Income,Cash,e6e3bfe003691ba8e14d2c32
4828,4828,2025-07-29,4,MOBILE DEPOSIT : REF NUMBER :506290822397,MOBILE DEPOSIT : REF NUMBER :506290822397,MOBILE DEPOSIT REF NUMBER,120.0,Uncategorized,,Income,Cash,8e4da7942a3cded3266649a0
4829,4829,2025-07-29,4,MOBILE DEPOSIT : REF NUMBER :806290823401,MOBILE DEPOSIT : REF NUMBER :806290823401,MOBILE DEPOSIT REF NUMBER,95.21,Uncategorized,,Income,Cash,d456a7ab658371fee2dad7ae
4831,4831,2025-07-21,4,ONLINE TRANSFER REF #IB0T7HQNZG FROM BUSINESSLINE LINE OF CREDIT XXXXXXXXXXXX5008 ON 07/20/25,ONLINE TRANSFER REF #IB0T7HQNZG FROM BUSINESSLINE LINE OF CREDIT XXXXXXXXXXXX5008 ON 07/20/25,ONLINE TRANSFER REF IB0T7HQNZG FROM,3114.0,Financial Transactions,,Financial Transactions,,713cc685b69be9b267038877
4833,4833,2025-07-16,4,RECURRING TRANSFER TO FALENI M PLATINUM SAVINGS REF #OP0T5VHRPQ XXXXXXXXX0903,RECURRING TRANSFER TO FALENI M PLATINUM SAVINGS REF #OP0T5VHRPQ XXXXXXXXX0903,RECURRING TRANSFER TO FALENI M,-1174.0,Uncategorized,,Savings,,8decbec2431d76525a938e2c
4838,4838,2025-07-14,4,ONLINE TRANSFER REF #IB0T4R5WTY FROM PERSONAL LINE OF CREDIT XXXXXX4311 ON 07/12/25,ONLINE TRANSFER REF #IB0T4R5WTY FROM PERSONAL LINE OF CREDIT XXXXXX4311 ON 07/12/25,ONLINE TRANSFER REF IB0T4R5WTY FROM,12500.0,Financial Transactions,,Financial Transactions,,b04feb4145f602a47d514294
4839,4839,2025-07-11,4,ONLINE TRANSFER REF #IB0T45KQF8 FROM PERSONAL LINE OF CREDIT XXXXXX4311 ON 07/11/25,ONLINE TRANSFER REF #IB0T45KQF8 FROM PERSONAL LINE OF CREDIT XXXXXX4311 ON 07/11/25,ONLINE TRANSFER REF IB0T45KQF8 FROM,2500.0,Financial Transactions,,Financial Transactions,,1dc716949a756d616b54af89
4840,4840,2025-07-07,4,"BK OF AMER MC ONLINE PMT 250707 CKF828154125POS FALENI FERNANDEZ,MICHE","BK OF AMER MC ONLINE PMT 250707 CKF828154125POS FALENI FERNANDEZ,MICHE",BK OF AMER MC ONLINE,300.0,Card Payment,,Card Payment,,e57e9afc95d4f929a8020cae
4842,4842,2025-07-07,4,ZELLE FROM JUAN C FLOREZ ON 07/05 REF # JPM99BEPM49H,ZELLE FROM JUAN C FLOREZ,ZELLE FROM JUAN C FLOREZ,500.0,Uncategorized,,Travel & Entertainment,Travel & Entertainment,c59060d5f2ea9404493da3e1
4843,4843,2025-07-01,4,APPLECARD GSBANK PAYMENT 063025 1881361 Michel Faleni,APPLECARD GSBANK PAYMENT 063025 1881361 MICHEL FALENI,APPLECARD GSBANK PAYMENT MICHEL FALENI,315.09,Uncategorized,,Financial Transactions,Card Payment,d666358172164b691cacbf03
4844,4844,2025-07-01,4,RECURRING TRANSFER TO FALENI M PLATINUM SAVINGS REF #OP0SYGQ4VQ XXXXXXXXX0903,RECURRING TRANSFER TO FALENI M PLATINUM SAVINGS REF #OP0SYGQ4VQ XXXXXXXXX0903,RECURRING TRANSFER TO FALENI M,-1174.0,Uncategorized,,Savings,,8ac0d1d8711b0b7ad5cfc58d
4846,4846,2025-06-30,4,INTEREST PAYMENT,INTEREST PAYMENT,INTEREST PAYMENT,0.03,Uncategorized,,Bank Fees,Bank Fees,abedc69440824a6c581e62ed
4850,4850,2025-06-25,4,ZELLE TO GLENWOOD ON 06/25 REF #RP0YYJHJ9C,ZELLE TO GLENWOOD,ZELLE TO GLENWOOD,-50.0,Uncategorized,,Travel & Entertainment,Travel & Entertainment,92737b5be16a37121a644831
4851,4851,2025-06-25,4,ZELLE TO UZZIAH ON 06/25 REF #RP0YYJC6MV,ZELLE TO UZZIAH,ZELLE TO UZZIAH,-28.0,Uncategorized,,Travel & Entertainment,Travel & Entertainment,63ac31e21fec8931b4269c60
4852,4852,2025-06-25,4,ZELLE TO BURROWS LEANTE ON 06/25 REF #RP0YYJ72DH,ZELLE TO BURROWS LEANTE,ZELLE TO BURROWS LEANTE,-150.0,Uncategorized,,Travel & Entertainment,Travel & Entertainment,2b4f1242088c743c1854e41c
4854,4854,2025-06-23,4,ZELLE TO LDCOUTURE ON 06/23 REF #PP0YYCTLBS TUX Y CAMISA,ZELLE TO LDCOUTURE,ZELLE TO LDCOUTURE,-100.0,Uncategorized,,Travel & Entertainment,Travel & Entertainment,9bba87d262273b6a1cebfe90
4856,4856,2025-06-20,4,ZELLE TO SEBASTIAN CAMINERO ON 06/19 REF #RP0YXYWTN4,ZELLE TO SEBASTIAN CAMINERO,ZELLE TO SEBASTIAN CAMINERO,-160.0,Uncategorized,,Travel & Entertainment,Travel & Entertainment,c7c616d41c2b3df4341eaeaa
4857,4857,2025-06-20,4,ONLINE TRANSFER REF #IB0STZ2G79 FROM BUSINESSLINE LINE OF CREDIT MIAMI BEACH PAYMENTS EXPENSES,ONLINE TRANSFER REF #IB0STZ2G79 FROM BUSINESSLINE LINE OF CREDIT MIAMI BEACH PAYMENTS EXPENSES,ONLINE TRANSFER REF IB0STZ2G79 FROM,5000.0,Financial Transactions,,Financial Transactions,,5de91527ec8a053fb69bb20a
4858,4858,2025-06-18,4,Instant Pmt from BUSINESS TELECOMMUNICATIONS SE on 06/18 Ref#20250618021001088P1BAAAA00000122612,BUSINESS TELECOMMUNICATIONS SE,BUSINESS TELECOMMUNICATIONS SE,3493.43,Uncategorized,,Financial Transactions,Expense Reports,a8f0a949fce38d928074d8a1
4859,4859,2025-06-17,4,ZELLE TO THE 305 BEACH ON 06/17 REF #RP0YXQZ8Z7 CAPITAL CONTRIBUTION TO COVER MONTHLY SPEND,ZELLE TO THE BEACH,ZELLE TO THE BEACH,-1956.18,Uncategorized,,Travel & Entertainment,Travel & Entertainment,15804d4485d4c46d551d9fab
4860,4860,2025-06-16,4,RECURRING TRANSFER TO FALENI M PLATINUM SAVINGS REF #OP0SS9S9RL XXXXXXXXX0903,RECURRING TRANSFER TO FALENI M PLATINUM SAVINGS REF #OP0SS9S9RL XXXXXXXXX0903,RECURRING TRANSFER TO FALENI M,-1174.0,Uncategorized,,Savings,,031cb6ee820206b6f1d71564
4865,4865,2025-06-12,4,ONLINE TRANSFER REF #IB0SR4CJVK FROM PERSONAL LINE OF CREDIT XXXXXX4311 ON 06/12/25,ONLINE TRANSFER REF #IB0SR4CJVK FROM PERSONAL LINE OF CREDIT XXXXXX4311 ON 06/12/25,ONLINE TRANSFER REF IB0SR4CJVK FROM,5000.0,Financial Transactions,,Financial Transactions,,3f65eec9cdc0dfb8e027b99f
4866,4866,2025-06-12,4,ONLINE TRANSFER REF #IB0SR4BSQY FROM PERSONAL LINE OF CREDIT XXXXXX4311 ON 06/12/25,ONLINE TRANSFER REF #IB0SR4BSQY FROM PERSONAL LINE OF CREDIT XXXXXX4311 ON 06/12/25,ONLINE TRANSFER REF IB0SR4BSQY FROM,12500.0,Uncategorized,,Beach,Beach,c5556e001710a316a709f868
4867,4867,2025-06-06,4,MOBILE DEPOSIT : REF NUMBER :506060537689,MOBILE DEPOSIT : REF NUMBER :506060537689,MOBILE DEPOSIT REF NUMBER,1956.18,Uncategorized,,Income,Cash,2f5ef3394c3ca14d78c65a41
4868,4868,2025-06-04,4,"BK OF AMER MC ONLINE PMT 250604 CKF828154125POS FALENI FERNANDEZ,MICHE","BK OF AMER MC ONLINE PMT 250604 CKF828154125POS FALENI FERNANDEZ,MICHE",BK OF AMER MC ONLINE,300.0,Card Payment,,Card Payment,,351050a2558fae4cbe45b78f
4872,4872,2025-06-02,4,RECURRING TRANSFER TO FALENI M PLATINUM SAVINGS REF #OP0SLXN7QJ XXXXXXXXX0903,RECURRING TRANSFER TO FALENI M PLATINUM SAVINGS REF #OP0SLXN7QJ XXXXXXXXX0903,RECURRING TRANSFER TO FALENI M,-1174.0,Uncategorized,,Savings,,a7d8abba2f9cca149ae07b1d
4873,4873,2025-06-02,4,ZELLE FROM AQUILES ADDEO ON 06/02 REF # JPM99BARE737 MTB SHOES AGRADECIDO BRO,ZELLE FROM AQUILES ADDEO,ZELLE FROM AQUILES ADDEO,134.0,Uncategorized,,Travel & Entertainment,Travel & Entertainment,facdab2a129b1e9ec7b5d81b
4874,4874,2025-05-30,4,INTEREST PAYMENT,INTEREST PAYMENT,INTEREST PAYMENT,0.04,Uncategorized,,Bank Fees,Bank Fees,870ce63a32576ad5ac3dfd51
4879,4879,2025-05-30,4,Instant Pmt from BUSINESS TELECOMMUNICATIONS SE on 05/30 Ref#20250529021001088P1BAAAA00000033775,BUSINESS TELECOMMUNICATIONS SE,BUSINESS TELECOMMUNICATIONS SE,10664.9,Uncategorized,,Financial Transactions,Expense Reports,8f7435c40f1ca5d317466833
4884,4884,2025-05-16,4,RECURRING TRANSFER TO FALENI M PLATINUM SAVINGS REF #OP0SFBQFKV XXXXXXXXX0903,RECURRING TRANSFER TO FALENI M PLATINUM SAVINGS REF #OP0SFBQFKV XXXXXXXXX0903,RECURRING TRANSFER TO FALENI M,-1174.0,Uncategorized,,Savings,,5ccfd96d7dddbce42027906b
4886,4886,2025-05-15,4,ZELLE TO SEBASTIAN CAMINERO ON 05/15 REF #RP0YTGM3XP,ZELLE TO SEBASTIAN CAMINERO,ZELLE TO SEBASTIAN CAMINERO,-110.0,Uncategorized,,Travel & Entertainment,Travel & Entertainment,4c96678166abe7567834dcc5
4891,4891,2025-05-12,4,ONLINE TRANSFER REF #IB0SCWF6H3 FROM PERSONAL LINE OF CREDIT XXXXXX4311 ON 05/12/25,ONLINE TRANSFER REF #IB0SCWF6H3 FROM PERSONAL LINE OF CREDIT XXXXXX4311 ON 05/12/25,ONLINE TRANSFER REF IB0SCWF6H3 FROM,18000.0,Financial Transactions,,Financial Transactions,,4bf2976d533ed8aa5ad40c6e
4892,4892,2025-05-09,4,"AMERICAN EXPRESS TRANSFER FALENI,MICHEL MICHEL R FALENI","AMERICAN EXPRESS TRANSFER FALENI,MICHEL MICHEL R FALENI",AMERICAN EXPRESS,26448.53,Uncategorized,,General Merchandise,,905ade6ad632c7665617340e
4893,4893,2025-05-08,4,ZELLE TO VALET ZUMA ON 05/08 REF #PP0YSRS5XB,ZELLE TO VALET ZUMA,ZELLE TO VALET ZUMA,-50.0,Uncategorized,,Travel & Entertainment,Travel & Entertainment,1b9f3616155b5a280db5f63e
4894,4894,2025-05-07,4,ZELLE FROM BY GERUNCHO INC ON 05/07 REF # BACNL58UARE6 PRESTAMO,ZELLE FROM BY GERUNCHO INC,ZELLE FROM BY GERUNCHO INC,1000.0,Uncategorized,,Travel & Entertainment,Travel & Entertainment,bf9000bd20000fa16c5b7a5d
4895,4895,2025-05-06,4,ZELLE TO TOP GOLF TIP ON 05/06 REF #RP0YSL5K5K,ZELLE TO TOP GOLF TIP,ZELLE TO TOP GOLF TIP,-20.0,Uncategorized,,Travel & Entertainment,Travel & Entertainment,ea9c513ee9919f41b37682cc
4897,4897,2025-05-05,4,ZELLE TO SEBASTIAN CAMINERO ON 05/03 REF #RP0YSB44NJ GRACIAS MI BRO,ZELLE TO SEBASTIAN CAMINERO,ZELLE TO SEBASTIAN CAMINERO,-60.0,Uncategorized,,Travel & Entertainment,Travel & Entertainment,939d4d519a7f5890fe2073a7
4898,4898,2025-05-05,4,ZELLE TO FERNANDEZ MINA ON 05/03 REF #PP0YS9WCF2 GORRAS,ZELLE TO FERNANDEZ MINA,ZELLE TO FERNANDEZ MINA,-200.0,Uncategorized,,Travel & Entertainment,Travel & Entertainment,c8af8c906d343c3bb4b2b2bf
4899,4899,2025-05-02,4,APPLECARD GSBANK PAYMENT 050125 1881361 Michel Faleni,APPLE,APPLE,1231.83,Uncategorized,,Financial Transactions,Card Payment,c4caef39b6f39bb089312976
4900,4900,2025-05-01,4,ZELLE TO RITZ OLIVER ON 05/01 REF #RP0YRZBLYQ,ZELLE TO RITZ OLIVER,ZELLE TO RITZ OLIVER,-20.0,Uncategorized,,Travel & Entertainment,Travel & Entertainment,19a9cf099af2e4a3ade50e92
4902,4902,2025-05-01,4,RECURRING TRANSFER TO FALENI M PLATINUM SAVINGS REF #OP0S7Q8425 XXXXXXXXX0903,RECURRING TRANSFER TO FALENI M PLATINUM SAVINGS REF #OP0S7Q8425 XXXXXXXXX0903,RECURRING TRANSFER TO FALENI M,-1174.0,Uncategorized,,Savings,,ddf40661a4f543288bbd37b6
4903,4903,2025-05-01,4,ONLINE TRANSFER FROM FALENI M PLATINUM SAVINGS XXXXXXXXX0903 REF #IB0S7SJB5Z ON 05/01/25,ONLINE TRANSFER FROM FALENI M PLATINUM SAVINGS XXXXXXXXX0903 REF #IB0S7SJB5Z ON 05/01/25,ONLINE TRANSFER FROM FALENI M,1174.0,Uncategorized,,Income,,a0485083e25b5d2251308044
4904,4904,2025-04-30,4,INTEREST PAYMENT,INTEREST PAYMENT,INTEREST PAYMENT,0.02,Uncategorized,,Bank Fees,Bank Fees,f7211fd4cce18898f84ed433
4905,4905,2025-04-30,4,ZELLE TO SUPPLY SERVICES MIAMI FABIO LAVAC ON 04/30 REF #RP0YRTQTMK,ZELLE TO SUPPLY SERVICES MIAMI FABIO LAVAC,ZELLE TO SUPPLY SERVICES MIAMI FABIO LAVAC,-55.0,Uncategorized,,Travel & Entertainment,Travel & Entertainment,d8d51a4a6f6de9d3419c12d1
4909,4909,2025-04-24,4,ZELLE TO JC CELL NEGRO ON 04/24 REF #PP0YRBVKP9 HEAT TICKET,ZELLE TO JC CELL NEGRO,ZELLE TO JC CELL NEGRO,-150.0,Uncategorized,,Travel & Entertainment,Travel & Entertainment,836f0cd0ed4904afc4a5342d
4910,4910,2025-04-17,4,Cash eWithdrawal in Branch 04/17/2025 09:29 AM 169 SW 8TH ST MIAMI FL 3222,CASH EWITHDRAWAL IN BRANCH 04/17/2025 09:29 AM 169 SW 8TH ST MIAMI FL 3222,CASH EWITHDRAWAL BRANCH AM SW,-1000.0,Uncategorized,,Financial Transactions,Cash,6265550c31ba7f5fb80d1bcb
4912,4912,2025-04-16,4,ZELLE TO THE 305 PROJECT MAIN ON 04/16 REF #RP0YQHYLTY PAYBACK PRESTAMO DELAFLOR,ZELLE TO THE PROJECT MAIN,ZELLE TO THE PROJECT MAIN,-3000.0,Uncategorized,,Travel & Entertainment,Travel & Entertainment,66489f50f7e2ba4c21da28a8
4913,4913,2025-04-16,4,RECURRING TRANSFER TO FALENI M PLATINUM SAVINGS REF #OP0S2KNGVH XXXXXXXXX0903,RECURRING TRANSFER TO FALENI M PLATINUM SAVINGS REF #OP0S2KNGVH XXXXXXXXX0903,RECURRING TRANSFER TO FALENI M,-1174.0,Uncategorized,,Savings,,0e3afabfc4ea3a50a7bcbb53
4914,4914,2025-04-16,4,ZELLE FROM DANIEL LOPEZ ON 04/16 REF # PNCAA0ROR68I,ZELLE FROM DANIEL LOPEZ,ZELLE FROM DANIEL LOPEZ,1500.0,Uncategorized,,Travel & Entertainment,Travel & Entertainment,9a104ee327f077150b241a5b
4917,4917,2025-04-15,4,ZELLE FROM DANIEL LOPEZ ON 04/15 REF # PNCAA0RNQ18Q,ZELLE FROM DANIEL LOPEZ,ZELLE FROM DANIEL LOPEZ,2500.0,Uncategorized,,Travel & Entertainment,Travel & Entertainment,2485cc51bd3cc9dbcf3624ef
4920,4920,2025-04-14,4,ZELLE TO DELAFLOR DANNILO ON 04/13 REF #RP0YQ7YK9M,ZELLE TO DELAFLOR DANNILO,ZELLE TO DELAFLOR DANNILO,-988.0,Uncategorized,,Travel & Entertainment,Travel & Entertainment,a54a9500ff1ec897bf3f0c64
4921,4921,2025-04-14,4,ZELLE TO DELAFLOR DANNILO ON 04/13 REF #RP0YQ7YCZK PRUEBA,ZELLE TO DELAFLOR DANNILO,ZELLE TO DELAFLOR DANNILO,-11.19,Uncategorized,,Travel & Entertainment,Travel & Entertainment,8e1629e76e4313e8d7d02cda
4922,4922,2025-04-14,4,ONLINE TRANSFER REF #IB0RZY2SLD FROM PERSONAL LINE OF CREDIT XXXXXX4311 ON 04/14/25,ONLINE TRANSFER REF #IB0RZY2SLD FROM PERSONAL LINE OF CREDIT XXXXXX4311 ON 04/14/25,ONLINE TRANSFER REF IB0RZY2SLD FROM,13100.0,Financial Transactions,,Financial Transactions,,f308073066e6ab177dcdbdc7
4923,4923,2025-04-14,4,ZELLE FROM EDELL JAKOB ON 04/14 REF # PP0YQBYP47 SEAT,ZELLE FROM EDELL JAKOB,ZELLE FROM EDELL JAKOB,600.0,Uncategorized,,Travel & Entertainment,Travel & Entertainment,f017ff78731f16c6a1c48eb3
4924,4924,2025-04-14,4,ZELLE FROM DANIEL LOPEZ ON 04/13 REF # PNCAA0RLU52M PRUEBA,ZELLE FROM DANIEL LOPEZ,ZELLE FROM DANIEL LOPEZ,11.11,Uncategorized,,Travel & Entertainment,Travel & Entertainment,c8d991d68dc8c907e45a4342
4926,4926,2025-04-11,4,COINBASE INC. 7E0E1DA0 250411 RTL-6MJ7WABZ MICHEL FALENI,COINBASE,COINBASE,11953.0,Uncategorized,,Income,Crypto Income,cf062eeffa29c2c80d50913e
4927,4927,2025-04-04,4,"BK OF AMER MC ONLINE PMT 250404 CKF828154125POS FALENI FERNANDEZ,MICHE","BK OF AMER MC ONLINE PMT 250404 CKF828154125POS FALENI FERNANDEZ,MICHE",BK OF AMER MC ONLINE,300.0,Card Payment,,Card Payment,,99dbca525cf28f59a9faea50
4928,4928,2025-04-04,4,ZELLE TO ELMER ON 04/04 REF #RP0YPDGN8Y,ZELLE TO ELMER,ZELLE TO ELMER,-5.0,Uncategorized,,Travel & Entertainment,Travel & Entertainment,043c602885e9ac9933f32a20
4930,4930,2025-04-02,4,APPLECARD GSBANK PAYMENT 040125 1881361 Michel Faleni,APPLE,APPLE,58.24,Uncategorized,,Financial Transactions,Card Payment,8c5a738083301f9d6ad82418
4932,4932,2025-04-02,4,Instant Pmt from BUSINESS TELECOMMUNICATIONS SE on 04/02 Ref#20250401021001088P1BAAAA00000790155,BUSINESS TELECOMMUNICATIONS SE,BUSINESS TELECOMMUNICATIONS SE,10220.68,Uncategorized,,Financial Transactions,Expense Reports,967fd837b057503d3b24020c
4935,4935,2025-04-01,4,RECURRING TRANSFER TO FALENI M PLATINUM SAVINGS REF #OP0RV3NLPH XXXXXXXXX0903,RECURRING TRANSFER TO FALENI M PLATINUM SAVINGS REF #OP0RV3NLPH XXXXXXXXX0903,RECURRING TRANSFER TO FALENI M,-1174.0,Uncategorized,,Savings,,7ae2a6c150987d48202ad4df
4936,4936,2025-03-31,4,INTEREST PAYMENT,INTEREST PAYMENT,INTEREST PAYMENT,0.03,Uncategorized,,Bank Fees,Bank Fees,983fd56d43ee5a399de0cff9
4942,4942,2025-03-27,4,ZELLE TO ELIZABETH ON 03/26 REF #RP0YNGDM3X,ZELLE TO ELIZABETH,ZELLE TO ELIZABETH,-50.0,Uncategorized,,Travel & Entertainment,Travel & Entertainment,a090c284cf2fe4dbaa95b963
4943,4943,2025-03-25,4,ZELLE TO KAYLA SNOWM ON 03/25 REF #RP0YN9YZPD,ZELLE TO KAYLA SNOWM,ZELLE TO KAYLA SNOWM,-100.0,Uncategorized,,Travel & Entertainment,Travel & Entertainment,de86e4a9a5cc04fcd42e6c8d
4944,4944,2025-03-18,4,ZELLE TO ORLANDO TIP ORLANDO ON 03/18 REF #RP0YMMHYDX,ZELLE TO ORLANDO TIP ORLANDO,ZELLE TO ORLANDO TIP ORLANDO,-5.0,Uncategorized,,Travel & Entertainment,Travel & Entertainment,e6e95ef31a07596905ba4e74
4945,4945,2025-03-17,4,ZELLE TO TIP ORANDO ON 03/17 REF #RP0YMJR9N6,ZELLE TO TIP ORANDO,ZELLE TO TIP ORANDO,-20.0,Uncategorized,,Travel & Entertainment,Travel & Entertainment,07e50cbe2edc9d72f036fb86
4946,4946,2025-03-17,4,ZELLE TO GABRIEL ON 03/17 REF #RP0YMJMRL5,ZELLE TO GABRIEL,ZELLE TO GABRIEL,-5.0,Uncategorized,,Travel & Entertainment,Travel & Entertainment,18559ae0d1252b524b2a0aa4
4947,4947,2025-03-17,4,ZELLE TO TREN TIP ON 03/16 REF #RP0YMJ7NRL,ZELLE TO TREN TIP,ZELLE TO TREN TIP,-20.0,Uncategorized,,Travel & Entertainment,Travel & Entertainment,0739d2a66ab3111db4da57bb
4949,4949,2025-03-17,4,RECURRING TRANSFER TO FALENI M PLATINUM SAVINGS REF #OP0RNPHRGT XXXXXXXXX0903,RECURRING TRANSFER TO FALENI M PLATINUM SAVINGS REF #OP0RNPHRGT XXXXXXXXX0903,RECURRING TRANSFER TO FALENI M,-1174.0,Uncategorized,,Savings,,7532070e0a1f666f49169689
4950,4950,2025-03-17,4,ZELLE TO OMNIJR PARKING LLC ON 03/15 REF #RP0YMCT3VS PARKING GREN,ZELLE TO OMNIJR PARKING LLC,ZELLE TO OMNIJR PARKING LLC,-20.0,Uncategorized,,Travel & Entertainment,Travel & Entertainment,6e0436868ff76096f08da9e5
4952,4952,2025-03-14,4,ZELLE TO SEBASTIAN CAMINERO ON 03/14 REF #RP0YM999D2,ZELLE TO SEBASTIAN CAMINERO,ZELLE TO SEBASTIAN CAMINERO,-100.0,Uncategorized,,Travel & Entertainment,Travel & Entertainment,4d4386e0edb96dccb260decc
4956,4956,2025-03-12,4,ONLINE TRANSFER REF #IB0RM6YV49 FROM PERSONAL LINE OF CREDIT XXXXXX4311 ON 03/12/25,ONLINE TRANSFER REF #IB0RM6YV49 FROM PERSONAL LINE OF CREDIT XXXXXX4311 ON 03/12/25,ONLINE TRANSFER REF IB0RM6YV49 FROM,13220.0,Financial Transactions,,Financial Transactions,,598109862c0bf6cf2e08e3dd
4958,4958,2025-03-10,4,ZELLE TO SUPPLY SERVICES MIAMI FABIO LAVAC ON 03/10 REF #RP0YLWQW8T MICHEL MOTO Y GREN,ZELLE TO SUPPLY SERVICES MIAMI FABIO LAVAC,ZELLE TO SUPPLY SERVICES MIAMI FABIO LAVAC,-100.0,Uncategorized,,Travel & Entertainment,Travel & Entertainment,7cc71d48559251b8cf139aad
4959,4959,2025-03-10,4,ZELLE TO HERMILIO ON 03/10 REF #RP0YLWQQ8N PARKING LOOPUP,ZELLE TO HERMILIO,ZELLE TO HERMILIO,-40.0,Uncategorized,,Travel & Entertainment,Travel & Entertainment,83c921d6aa65c08e06b4155a
4960,4960,2025-03-10,4,ONLINE TRANSFER TO FALENI M PLATINUM SAVINGS XXXXXXXXX0903 REF #IB0RKWXLH6 ON 03/07/25,ONLINE TRANSFER TO FALENI M PLATINUM SAVINGS XXXXXXXXX0903 REF #IB0RKWXLH6 ON 03/07/25,ONLINE TRANSFER TO FALENI M,-6224.0,Savings,,Savings,,6256bde3e411f06d08b1b5dc
4961,4961,2025-03-07,4,WT FED#01447 CITY NATL BK FLORI /ORG=LD TELECOMMUNICATIONS INC SRF# OPF44565066 TRN#250307166735 RFB# Q2GT3581676,LD TELECOMMUNICATIONS INC,LD TELECOMMUNICATIONS INC,6224.0,Membership Fee,,Membership Fee,,308ccbd6f9d2806d1483e03d
4962,4962,2025-03-04,4,"BK OF AMER MC ONLINE PMT 250304 CKF828154125POS FALENI FERNANDEZ,MICHE","BK OF AMER MC ONLINE PMT 250304 CKF828154125POS FALENI FERNANDEZ,MICHE",BK OF AMER MC ONLINE,300.0,Card Payment,,Card Payment,,07e5fdc00cc5cbb0586976d6
4963,4963,2025-03-03,4,ONLINE TRANSFER TO FALENI M PLATINUM SAVINGS XXXXXXXXX0903 REF #IB0RJ3CLC2 ON 03/03/25,ONLINE TRANSFER TO FALENI M PLATINUM SAVINGS XXXXXXXXX0903 REF #IB0RJ3CLC2 ON 03/03/25,ONLINE TRANSFER TO FALENI M,-1500.0,Savings,,Savings,,0205e77edc236a0670ccf4a7
4966,4966,2025-03-03,4,RECURRING TRANSFER TO FALENI M PLATINUM SAVINGS REF #OP0RH8WG6L XXXXXXXXX0903,RECURRING TRANSFER TO FALENI M PLATINUM SAVINGS REF #OP0RH8WG6L XXXXXXXXX0903,RECURRING TRANSFER TO FALENI M,-1174.0,Uncategorized,,Savings,,bdf8e3accd54a716bfacbf22
4967,4967,2025-02-28,4,INTEREST PAYMENT,INTEREST PAYMENT,INTEREST PAYMENT,0.03,Uncategorized,,Bank Fees,Bank Fees,d360fa7b526d6102f5fe9d04
4971,4971,2025-02-28,4,Instant Pmt from BUSINESS TELECOMMUNICATIONS SE on 02/28 Ref#20250228021001088P1BAAAA00000639124,BUSINESS TELECOMMUNICATIONS SE,BUSINESS TELECOMMUNICATIONS SE,4822.28,Uncategorized,,Financial Transactions,Expense Reports,97b7ddbffaa31bc957022486
4972,4972,2025-02-20,4,ZELLE TO SEBASTIAN CAMINERO ON 02/20 REF #RP0YK329FV,ZELLE TO SEBASTIAN CAMINERO,ZELLE TO SEBASTIAN CAMINERO,-150.0,Uncategorized,,Travel & Entertainment,Travel & Entertainment,bb40790e666413d50c2adf62
4973,4973,2025-02-18,4,"BK OF AMER MC ONLINE PMT 250218 CKF828154125POS FALENI FERNANDEZ,MICHE","BK OF AMER MC ONLINE PMT 250218 CKF828154125POS FALENI FERNANDEZ,MICHE",BK OF AMER MC ONLINE,3000.0,Card Payment,,Card Payment,,f945d62c5f1f7e1ab742b2a2
4974,4974,2025-02-18,4,"BK OF AMER MC ONLINE PMT 250218 CKF828154125POS FALENI FERNANDEZ,MICHE","BK OF AMER MC ONLINE PMT 250218 CKF828154125POS FALENI FERNANDEZ,MICHE",BK OF AMER MC ONLINE,500.0,Card Payment,,Card Payment,,911c285a3241cc7d18827fa1
4975,4975,2025-02-18,4,RECURRING TRANSFER TO FALENI M PLATINUM SAVINGS REF #OP0RBSBQXZ XXXXXXXXX0903,RECURRING TRANSFER TO FALENI M PLATINUM SAVINGS REF #OP0RBSBQXZ XXXXXXXXX0903,RECURRING TRANSFER TO FALENI M,-1174.0,Uncategorized,,Savings,,eaeddae968cdfd9a2a223ef2
4977,4977,2025-02-18,4,ONLINE TRANSFER REF #IB0RC67M3D FROM PERSONAL LINE OF CREDIT XXXXXX4311 ON 02/17/25,ONLINE TRANSFER REF #IB0RC67M3D FROM PERSONAL LINE OF CREDIT XXXXXX4311 ON 02/17/25,ONLINE TRANSFER REF IB0RC67M3D FROM,3500.0,Financial Transactions,,Financial Transactions,,71cf4e591b55ca29be0f5304
4981,4981,2025-02-13,4,ONLINE TRANSFER REF #IB0R9LPG8L FROM PERSONAL LINE OF CREDIT XXXXXX4311 ON 02/13/25,ONLINE TRANSFER REF #IB0R9LPG8L FROM PERSONAL LINE OF CREDIT XXXXXX4311 ON 02/13/25,ONLINE TRANSFER REF IB0R9LPG8L FROM,9500.0,Financial Transactions,,Financial Transactions,,b330a45e047d5f44c6351bdd
4984,4984,2025-02-10,4,ZELLE TO PADOVAN SAMUEL ON 02/09 REF #RP0YJ3F5ZN SUPERBOWL,ZELLE TO PADOVAN SAMUEL,ZELLE TO PADOVAN SAMUEL,-15.0,Uncategorized,,Travel & Entertainment,Travel & Entertainment,310fd078a47979672eac991b
4985,4985,2025-02-10,4,ZELLE FROM LENIN CARDENAS ON 02/10 REF # BACQ64OAATP3,ZELLE FROM LENIN CARDENAS,ZELLE FROM LENIN CARDENAS,100.0,Uncategorized,,Travel & Entertainment,Travel & Entertainment,42b15dd90298678fc6916e3e
4986,4986,2025-02-10,4,ZELLE FROM LENIN CARDENAS ON 02/10 REF # BACKO436W6BG,ZELLE FROM LENIN CARDENAS,ZELLE FROM LENIN CARDENAS,765.0,Uncategorized,,Travel & Entertainment,Travel & Entertainment,183352152ec8ac9adf9caf0b
4987,4987,2025-02-07,4,ZELLE FROM MOE NATHAN ON 02/07 REF # PP0YHVDXKG,ZELLE FROM MOE NATHAN,ZELLE FROM MOE NATHAN,100.0,Uncategorized,,Travel & Entertainment,Travel & Entertainment,edd0f418ea2157f7098b2c74
4988,4988,2025-02-06,4,ONLINE TRANSFER REF #IB0R7HBC7J FROM PERSONAL LINE OF CREDIT XXXXXX4311 ON 02/06/25,ONLINE TRANSFER REF #IB0R7HBC7J FROM PERSONAL LINE OF CREDIT XXXXXX4311 ON 02/06/25,ONLINE TRANSFER REF IB0R7HBC7J FROM,1000.0,Financial Transactions,,Financial Transactions,,a3d5dae0ce42053a94779d68
4990,4990,2025-02-05,4,ONLINE TRANSFER REF #IB0R6Z9LH7 FROM PERSONAL LINE OF CREDIT XXXXXX4311 ON 02/05/25,ONLINE TRANSFER REF #IB0R6Z9LH7 FROM PERSONAL LINE OF CREDIT XXXXXX4311 ON 02/05/25,ONLINE TRANSFER REF IB0R6Z9LH7 FROM,500.0,Financial Transactions,,Financial Transactions,,1ee6881577820721501ac6a9
4991,4991,2025-02-04,4,"BK OF AMER MC ONLINE PMT 250204 CKF828154125POS FALENI FERNANDEZ,MICHE","BK OF AMER MC ONLINE PMT 250204 CKF828154125POS FALENI FERNANDEZ,MICHE",BK OF AMER MC ONLINE,300.0,Card Payment,,Card Payment,,19203133923477678c3324ba
4994,4994,2025-02-03,4,APPLECARD GSBANK PAYMENT 020125 1881361 Michel Faleni,APPLE CARD,APPLE CARD,934.42,Uncategorized,,Financial Transactions,Card Payment,5b1609ec57c41195f8431fe9
4995,4995,2025-02-03,4,RECURRING TRANSFER TO FALENI M PLATINUM SAVINGS REF #OP0R5KJ96C XXXXXXXXX0903,RECURRING TRANSFER TO FALENI M PLATINUM SAVINGS REF #OP0R5KJ96C XXXXXXXXX0903,RECURRING TRANSFER TO FALENI M,-1174.0,Uncategorized,,Savings,,cdc25c3eb63d82f1216280f5
4997,4997,2025-01-31,4,INTEREST PAYMENT,INTEREST PAYMENT,INTEREST PAYMENT,0.01,Uncategorized,,Bank Fees,Bank Fees,28595a63b31fece4af7a071e
4999,4999,2025-01-31,4,ONLINE TRANSFER REF #IB0R54SRPT TO INSTALLMENT LOANS XXXXXX87710001 ON 01/31/25,ONLINE TRANSFER REF #IB0R54SRPT TO INSTALLMENT LOANS XXXXXX87710001 ON 01/31/25,ONLINE TRANSFER REF IB0R54SRPT TO,-3755.35,Financial Transactions,,Financial Transactions,,0d6f8a8c4a4f0264a7747cb7
5003,5003,2025-01-23,4,ZELLE TO DOMANTI MARIETTO ON 01/23 REF #RP0YGD6NR4 TIRES GIFT,ZELLE TO DOMANTI MARIETTO,ZELLE TO DOMANTI MARIETTO,-50.0,Uncategorized,,Travel & Entertainment,Travel & Entertainment,a7a3c7a267d06ce7473fabd8
5004,5004,2025-01-23,4,ONLINE TRANSFER REF #IB0R2NWGBL TO WELLS FARGO ACTIVE CASH VISA CARD XXXXXXXXXXXX8871 ON 01/23/25,ONLINE TRANSFER REF #IB0R2NWGBL TO WELLS FARGO ACTIVE CASH VISA CARD XXXXXXXXXXXX8871 ON 01/23/25,ONLINE TRANSFER REF IB0R2NWGBL TO,1200.0,Card Payment,,Card Payment,,c7fcc0d6679e00837a8a2964
5005,5005,2025-01-23,4,ZELLE FROM LISA CASTRO ON 01/23 REF # BACCA6I5BSTQ,ZELLE FROM LISA CASTRO,ZELLE FROM LISA CASTRO,1200.0,Uncategorized,,Travel & Entertainment,Travel & Entertainment,0c7b1296841495d38383d3c4
5006,5006,2025-01-23,4,ZELLE FROM LISA CASTRO ON 01/23 REF # BACF99THALX7,ZELLE FROM LISA CASTRO,ZELLE FROM LISA CASTRO,1.0,Uncategorized,,Travel & Entertainment,Travel & Entertainment,099fc6d676667790df3fded9
5009,5009,2025-01-17,4,ZELLE TO SEBASTIAN CAMINERO ON 01/17 REF #RP0YFV9DS4 MICHEL Y LORENZO,ZELLE TO SEBASTIAN CAMINERO,ZELLE TO SEBASTIAN CAMINERO,-125.0,Uncategorized,,Travel & Entertainment,Travel & Entertainment,5a94dc21cd1bdfd2e6873e56
5010,5010,2025-01-16,4,ONLINE TRANSFER REF #IB0QYCQ5P6 TO INSTALLMENT LOANS XXXXXX87710001 ON 01/16/25,ONLINE TRANSFER REF #IB0QYCQ5P6 TO INSTALLMENT LOANS XXXXXX87710001 ON 01/16/25,ONLINE TRANSFER REF IB0QYCQ5P6 TO,-5000.0,Financial Transactions,,Financial Transactions,,a1732021d99c7f65ad06334d
5011,5011,2025-01-16,4,RECURRING TRANSFER TO FALENI M PLATINUM SAVINGS REF #OP0QYC3HSP XXXXXXXXX0903,RECURRING TRANSFER TO FALENI M PLATINUM SAVINGS REF #OP0QYC3HSP XXXXXXXXX0903,RECURRING TRANSFER TO FALENI M,-1174.0,Uncategorized,,Savings,,45c01b6287cc54b231eb1f85
5012,5012,2025-01-16,4,Instant Pmt from BUSINESS TELECOMMUNICATIONS SE on 01/16 Ref#20250116021001088P1BAAAA00000465052,BUSINESS TELECOMMUNICATIONS SE,BUSINESS TELECOMMUNICATIONS SE,6687.72,Uncategorized,,Financial Transactions,Expense Reports,5f1a352d5fa7b9d78bf14569
5017,5017,2025-01-13,4,Coinbase.com 6KVV5342 6KVV5342e765 MICHEL FALENI,COINBASE,COINBASE,29.99,Uncategorized,,Income,Crypto Income,716fb3bb078b53a5e243da6b
5018,5018,2025-01-13,4,ZELLE TO VALET SEACOAST ALEX ON 01/11 REF #RP0YFCLHRN,ZELLE TO VALET SEACOAST ALEX,ZELLE TO VALET SEACOAST ALEX,-5.0,Uncategorized,,Travel & Entertainment,Travel & Entertainment,a1855289aa4e861e83eadef1
5019,5019,2025-01-13,4,ONLINE TRANSFER REF #IB0QXKQGY3 FROM PERSONAL LINE OF CREDIT XXXXXX4311 ON 01/13/25,ONLINE TRANSFER REF #IB0QXKQGY3 FROM PERSONAL LINE OF CREDIT XXXXXX4311 ON 01/13/25,ONLINE TRANSFER REF IB0QXKQGY3 FROM,12700.0,Financial Transactions,,Financial Transactions,,80d61bcc4f3a8f7b1d712d31
5020,5020,2025-01-09,4,ZELLE TO ANA GOMEZ ON 01/09 REF #RP0YF64MTR MICH UPS,ZELLE TO ANA GOMEZ,ZELLE TO ANA GOMEZ,-100.0,Uncategorized,,Travel & Entertainment,Travel & Entertainment,78291b17c688b1724a1744eb
5021,5021,2025-01-08,4,ZELLE TO PSICOLOGO DR ARTURO ON 01/08 REF #RP0YF3RV2W MICHEL FALENI,ZELLE TO PSICOLOGO DR ARTURO,ZELLE TO PSICOLOGO DR ARTURO,-100.0,Uncategorized,,Travel & Entertainment,Travel & Entertainment,2ec59f20a836a57f50bd9a2c
5022,5022,2025-01-07,4,ZELLE TO PSICOLOGO ON 01/07 REF #RP0YDZ6825,ZELLE TO PSICOLOGO,ZELLE TO PSICOLOGO,-100.0,Uncategorized,,Travel & Entertainment,Travel & Entertainment,d74883ab1e5c0201399cc9c8
5025,5025,2025-01-06,4,ZELLE TO MICH REGIONS ON 01/04 REF #RP0YDPMQZG,ZELLE TO MICH REGIONS,ZELLE TO MICH REGIONS,-1080.0,Uncategorized,,Travel & Entertainment,Travel & Entertainment,4c925a7370ef695d59222c4f
5026,5026,2025-01-02,4,APPLECARD GSBANK PAYMENT 123124 1881361 Michel Faleni,APPLE CARD,APPLE CARD,251.48,Uncategorized,,Financial Transactions,Card Payment,3899083ccb857fa86d8d8c15
5027,5027,2025-01-02,4,RECURRING TRANSFER TO FALENI M PLATINUM SAVINGS REF #OP0QSGWBMR XXXXXXXXX0903,RECURRING TRANSFER TO FALENI M PLATINUM SAVINGS REF #OP0QSGWBMR XXXXXXXXX0903,RECURRING TRANSFER TO FALENI M,-1174.0,Uncategorized,,Savings,,359ed812df9808fe2df06322
5418,5418,2025-01-06,6,ONLINE TRANSFER TO BROUGH A REF #IB0QV7Z47J EVERYDAY CHECKING LAGO CREATIVE MF,ONLINE TRANSFER TO BROUGH A REF #IB0QV7Z47J EVERYDAY CHECKING LAGO CREATIVE MF,ONLINE TRANSFER TO BROUGH A,-118.0,Uncategorized,,Lucky,Andre Gas,52536de3e201c528090e4528
